"Commit";"ChangeType";"ChangedEntity";"EntityType";"InsideRefactoring";"rootEntity"
"9e24fabf1232f129e5aac45802cce6dfd5e300ce";"STATEMENT_DELETE";NA;"METHOD_INVOCATION";"false";"clojure.lang.RT.init()"
"9e24fabf1232f129e5aac45802cce6dfd5e300ce";"STATEMENT_DELETE";NA;"METHOD_INVOCATION";"false";"clojure.lang.Script.main(String[])"
"9e24fabf1232f129e5aac45802cce6dfd5e300ce";"RETURN_TYPE_CHANGE";NA;"SINGLE_TYPE";"true";"clojure.lang.Util.hash(Object)"
"9e24fabf1232f129e5aac45802cce6dfd5e300ce";"STATEMENT_DELETE";NA;"METHOD_INVOCATION";"false";"clojure.lang.Repl.main(String[])"
"9e24fabf1232f129e5aac45802cce6dfd5e300ce";"RETURN_TYPE_CHANGE";NA;"SINGLE_TYPE";"true";"clojure.lang.Util.equal(Object,Object)"
"9e24fabf1232f129e5aac45802cce6dfd5e300ce";"ADDITIONAL_FUNCTIONALITY";NA;"METHOD";"false";"clojure.lang.RT"
"9e24fabf1232f129e5aac45802cce6dfd5e300ce";"STATEMENT_INSERT";NA;"METHOD_INVOCATION";"false";"clojure.lang.RT.init()"
"9e24fabf1232f129e5aac45802cce6dfd5e300ce";"STATEMENT_DELETE";NA;"METHOD_INVOCATION";"false";"clojure.lang.RT.init()"
"9e24fabf1232f129e5aac45802cce6dfd5e300ce";"RETURN_TYPE_CHANGE";NA;"SINGLE_TYPE";"true";"clojure.lang.Util.hashCombine(int,int)"
"9e24fabf1232f129e5aac45802cce6dfd5e300ce";"STATEMENT_DELETE";NA;"METHOD_INVOCATION";"false";"clojure.lang.RT.init()"
"9e24fabf1232f129e5aac45802cce6dfd5e300ce";"COMMENT_DELETE";NA;"LINE_COMMENT";"false";"clojure.lang.Repl.main(String[])"
"9e24fabf1232f129e5aac45802cce6dfd5e300ce";"STATEMENT_DELETE";NA;"METHOD_INVOCATION";"false";"clojure.lang.RT.init()"
"9e24fabf1232f129e5aac45802cce6dfd5e300ce";"STATEMENT_DELETE";NA;"METHOD_INVOCATION";"false";"clojure.lang.RT.init()"
"9e24fabf1232f129e5aac45802cce6dfd5e300ce";"ADDITIONAL_CLASS";NA;"CLASS";"false";NA
"e9b69139a0b501c802707363275c19686399a428";"STATEMENT_INSERT";NA;"VARIABLE_DECLARATION_STATEMENT";"false";"clojure.lang.Compiler.getAndIncLocalNum()"
"e9b69139a0b501c802707363275c19686399a428";"STATEMENT_INSERT";NA;"VARIABLE_DECLARATION_STATEMENT";"false";"clojure.lang.Compiler.FnMethod.emitClearLocals(GeneratorAdapter)"
"e9b69139a0b501c802707363275c19686399a428";"STATEMENT_INSERT";NA;"METHOD_INVOCATION";"false";"clojure.lang.Compiler.FnMethod.emitClearLocals(GeneratorAdapter)"
"e9b69139a0b501c802707363275c19686399a428";"STATEMENT_INSERT";NA;"METHOD_INVOCATION";"false";"clojure.lang.Compiler.FnMethod.emitClearLocals(GeneratorAdapter)"
"e9b69139a0b501c802707363275c19686399a428";"STATEMENT_INSERT";NA;"POSTFIX_EXPRESSION";"false";"clojure.lang.Compiler.FnMethod.emitClearLocals(GeneratorAdapter)"
"e9b69139a0b501c802707363275c19686399a428";"ADDITIONAL_OBJECT_STATE";NA;"FIELD";"false";"clojure.lang.Compiler.FnMethod"
"e9b69139a0b501c802707363275c19686399a428";"STATEMENT_INSERT";NA;"IF_STATEMENT";"false";"clojure.lang.Compiler.getAndIncLocalNum()"
"e9b69139a0b501c802707363275c19686399a428";"STATEMENT_INSERT";NA;"ASSIGNMENT";"false";"clojure.lang.Compiler.getAndIncLocalNum()"
"e9b69139a0b501c802707363275c19686399a428";"STATEMENT_INSERT";NA;"FOR_STATEMENT";"false";"clojure.lang.Compiler.FnMethod.emitClearLocals(GeneratorAdapter)"
"19449a772787d94dee4bb31f9b5081e934e79d90";"STATEMENT_UPDATE";NA;"METHOD_INVOCATION";"true";"clojure.lang.RT.loadResourceScript(String)"
"19449a772787d94dee4bb31f9b5081e934e79d90";"STATEMENT_UPDATE";NA;"VARIABLE_DECLARATION_STATEMENT";"true";"clojure.lang.RT.loadResourceScript(String)"
"19449a772787d94dee4bb31f9b5081e934e79d90";"STATEMENT_INSERT";NA;"FINALLY";"true";"clojure.lang.RT.loadResourceScript(String)"
"19449a772787d94dee4bb31f9b5081e934e79d90";"STATEMENT_DELETE";NA;"ASSIGNMENT";"true";"clojure.lang.RT.init()"
"19449a772787d94dee4bb31f9b5081e934e79d90";"STATEMENT_DELETE";NA;"METHOD_INVOCATION";"true";"clojure.lang.RT.init()"
"19449a772787d94dee4bb31f9b5081e934e79d90";"STATEMENT_DELETE";NA;"METHOD_INVOCATION";"true";"clojure.lang.RT.init()"
"19449a772787d94dee4bb31f9b5081e934e79d90";"STATEMENT_DELETE";NA;"ASSIGNMENT";"true";"clojure.lang.RT.init()"
"19449a772787d94dee4bb31f9b5081e934e79d90";"STATEMENT_DELETE";NA;"METHOD_INVOCATION";"true";"clojure.lang.RT.init()"
"19449a772787d94dee4bb31f9b5081e934e79d90";"STATEMENT_DELETE";NA;"METHOD_INVOCATION";"true";"clojure.lang.RT.init()"
"19449a772787d94dee4bb31f9b5081e934e79d90";"STATEMENT_DELETE";NA;"ASSIGNMENT";"true";"clojure.lang.RT.init()"
"19449a772787d94dee4bb31f9b5081e934e79d90";"STATEMENT_DELETE";NA;"METHOD_INVOCATION";"true";"clojure.lang.RT.init()"
"19449a772787d94dee4bb31f9b5081e934e79d90";"STATEMENT_DELETE";NA;"METHOD_INVOCATION";"true";"clojure.lang.RT.init()"
"19449a772787d94dee4bb31f9b5081e934e79d90";"STATEMENT_DELETE";NA;"ASSIGNMENT";"true";"clojure.lang.RT.init()"
"19449a772787d94dee4bb31f9b5081e934e79d90";"STATEMENT_DELETE";NA;"METHOD_INVOCATION";"true";"clojure.lang.RT.init()"
"19449a772787d94dee4bb31f9b5081e934e79d90";"STATEMENT_DELETE";NA;"METHOD_INVOCATION";"true";"clojure.lang.RT.init()"
"19449a772787d94dee4bb31f9b5081e934e79d90";"INCREASING_ACCESSIBILITY_CHANGE";NA;"MODIFIER";"false";"clojure.lang.Compiler.HostExpr"
"19449a772787d94dee4bb31f9b5081e934e79d90";"STATEMENT_UPDATE";NA;"THROW_STATEMENT";"false";"clojure.lang.Compiler.AssignExpr.Parser.parse(C,Object)"
"dd665dc8a62f7636c3e26dbbddd92b1089294e31";"ALTERNATIVE_PART_DELETE";NA;"ELSE_STATEMENT";"false";"clojure.lang.PersistentVector.popTail(int,Object[],Box)"
"dd665dc8a62f7636c3e26dbbddd92b1089294e31";"STATEMENT_INSERT";NA;"IF_STATEMENT";"false";"clojure.lang.PersistentVector.assocN(int,Object)"
"dd665dc8a62f7636c3e26dbbddd92b1089294e31";"STATEMENT_UPDATE";NA;"METHOD_INVOCATION";"false";"clojure.lang.PersistentVector.popTail(int,Object[],Box)"
"dd665dc8a62f7636c3e26dbbddd92b1089294e31";"STATEMENT_INSERT";NA;"IF_STATEMENT";"false";"clojure.lang.PersistentVector.popTail(int,Object[],Box)"
"dd665dc8a62f7636c3e26dbbddd92b1089294e31";"STATEMENT_INSERT";NA;"METHOD_INVOCATION";"false";"clojure.lang.PersistentVector.cons(Object)"
"dd665dc8a62f7636c3e26dbbddd92b1089294e31";"STATEMENT_DELETE";NA;"ASSIGNMENT";"false";"clojure.lang.PersistentVector.popTail(int,Object[],Box)"
"dd665dc8a62f7636c3e26dbbddd92b1089294e31";"STATEMENT_PARENT_CHANGE";NA;"RETURN_STATEMENT";"false";"clojure.lang.PersistentVector.pop()"
"dd665dc8a62f7636c3e26dbbddd92b1089294e31";"STATEMENT_INSERT";NA;"IF_STATEMENT";"false";"clojure.lang.PersistentVector.pop()"
"dd665dc8a62f7636c3e26dbbddd92b1089294e31";"STATEMENT_DELETE";NA;"VARIABLE_DECLARATION_STATEMENT";"false";"clojure.lang.PersistentVector.popTail(int,Object[],Box)"
"dd665dc8a62f7636c3e26dbbddd92b1089294e31";"STATEMENT_DELETE";NA;"IF_STATEMENT";"false";"clojure.lang.PersistentVector.popTail(int,Object[],Box)"
"dd665dc8a62f7636c3e26dbbddd92b1089294e31";"STATEMENT_INSERT";NA;"RETURN_STATEMENT";"false";"clojure.lang.PersistentVector.popTail(int,Object[],Box)"
"dd665dc8a62f7636c3e26dbbddd92b1089294e31";"CONDITION_EXPRESSION_CHANGE";NA;"IF_STATEMENT";"false";"clojure.lang.PersistentVector.pop()"
"dd665dc8a62f7636c3e26dbbddd92b1089294e31";"STATEMENT_INSERT";NA;"IF_STATEMENT";"false";"clojure.lang.PersistentVector.nth(int)"
"dd665dc8a62f7636c3e26dbbddd92b1089294e31";"STATEMENT_UPDATE";NA;"RETURN_STATEMENT";"false";"clojure.lang.PersistentVector.pop()"
"dd665dc8a62f7636c3e26dbbddd92b1089294e31";"STATEMENT_DELETE";NA;"ASSIGNMENT";"false";"clojure.lang.PersistentVector.popTail(int,Object[],Box)"
"dd665dc8a62f7636c3e26dbbddd92b1089294e31";"STATEMENT_INSERT";NA;"IF_STATEMENT";"false";"clojure.lang.PersistentVector.popTail(int,Object[],Box)"
"dd665dc8a62f7636c3e26dbbddd92b1089294e31";"STATEMENT_DELETE";NA;"IF_STATEMENT";"false";"clojure.lang.PersistentVector.popTail(int,Object[],Box)"
"dd665dc8a62f7636c3e26dbbddd92b1089294e31";"STATEMENT_INSERT";NA;"ASSIGNMENT";"false";"clojure.lang.PersistentVector.PersistentVector(IPersistentMap,int,int,Object[],Object[])"
"dd665dc8a62f7636c3e26dbbddd92b1089294e31";"STATEMENT_DELETE";NA;"ASSIGNMENT";"false";"clojure.lang.PersistentVector.popTail(int,Object[],Box)"
"dd665dc8a62f7636c3e26dbbddd92b1089294e31";"STATEMENT_DELETE";NA;"RETURN_STATEMENT";"false";"clojure.lang.PersistentVector.popTail(int,Object[],Box)"
"dd665dc8a62f7636c3e26dbbddd92b1089294e31";"STATEMENT_ORDERING_CHANGE";NA;"IF_STATEMENT";"false";"clojure.lang.PersistentVector.pop()"
"dd665dc8a62f7636c3e26dbbddd92b1089294e31";"STATEMENT_DELETE";NA;"ASSIGNMENT";"false";"clojure.lang.PersistentVector.popTail(int,Object[],Box)"
"dd665dc8a62f7636c3e26dbbddd92b1089294e31";"PARAMETER_INSERT";NA;"PARAMETER";"false";"clojure.lang.PersistentVector.PersistentVector(IPersistentMap,int,int,Object[],Object[])"
"dd665dc8a62f7636c3e26dbbddd92b1089294e31";"STATEMENT_INSERT";NA;"IF_STATEMENT";"false";"clojure.lang.PersistentVector.popTail(int,Object[],Box)"
"dd665dc8a62f7636c3e26dbbddd92b1089294e31";"PARAMETER_DELETE";NA;"PARAMETER";"false";"clojure.lang.PersistentVector.popTail(int,Object[],Box)"
"dd665dc8a62f7636c3e26dbbddd92b1089294e31";"STATEMENT_INSERT";NA;"IF_STATEMENT";"false";"clojure.lang.PersistentVector.popTail(int,Object[],Box)"
"dd665dc8a62f7636c3e26dbbddd92b1089294e31";"STATEMENT_DELETE";NA;"ASSIGNMENT";"false";"clojure.lang.PersistentVector.popTail(int,Object[],Box)"
"dd665dc8a62f7636c3e26dbbddd92b1089294e31";"PARAMETER_INSERT";NA;"PARAMETER";"false";"clojure.lang.PersistentVector.popTail(int,Object[],Box)"
"dd665dc8a62f7636c3e26dbbddd92b1089294e31";"STATEMENT_INSERT";NA;"METHOD_INVOCATION";"false";"clojure.lang.PersistentVector.assocN(int,Object)"
"dd665dc8a62f7636c3e26dbbddd92b1089294e31";"STATEMENT_INSERT";NA;"VARIABLE_DECLARATION_STATEMENT";"false";"clojure.lang.PersistentVector.create(Object...)"
"dd665dc8a62f7636c3e26dbbddd92b1089294e31";"COMMENT_DELETE";NA;"LINE_COMMENT";"false";"clojure.lang.PersistentVector.create(Object...)"
"dd665dc8a62f7636c3e26dbbddd92b1089294e31";"STATEMENT_INSERT";NA;"RETURN_STATEMENT";"false";"clojure.lang.PersistentVector.pop()"
"dd665dc8a62f7636c3e26dbbddd92b1089294e31";"ADDITIONAL_OBJECT_STATE";NA;"FIELD";"false";"clojure.lang.PersistentVector"
"dd665dc8a62f7636c3e26dbbddd92b1089294e31";"DOC_DELETE";NA;"JAVADOC";"false";"clojure.lang.PersistentVector.create(Object...)"
"dd665dc8a62f7636c3e26dbbddd92b1089294e31";"STATEMENT_INSERT";NA;"METHOD_INVOCATION";"false";"clojure.lang.PersistentVector.pop()"
"dd665dc8a62f7636c3e26dbbddd92b1089294e31";"STATEMENT_INSERT";NA;"ASSIGNMENT";"false";"clojure.lang.PersistentVector.pop()"
"dd665dc8a62f7636c3e26dbbddd92b1089294e31";"STATEMENT_DELETE";NA;"RETURN_STATEMENT";"false";"clojure.lang.PersistentVector.create(Object...)"
"dd665dc8a62f7636c3e26dbbddd92b1089294e31";"STATEMENT_INSERT";NA;"IF_STATEMENT";"false";"clojure.lang.PersistentVector.cons(Object)"
"dd665dc8a62f7636c3e26dbbddd92b1089294e31";"STATEMENT_UPDATE";NA;"RETURN_STATEMENT";"false";"clojure.lang.PersistentVector.cons(Object)"
"dd665dc8a62f7636c3e26dbbddd92b1089294e31";"STATEMENT_INSERT";NA;"ASSIGNMENT";"false";"clojure.lang.PersistentVector.cons(Object)"
"dd665dc8a62f7636c3e26dbbddd92b1089294e31";"STATEMENT_INSERT";NA;"VARIABLE_DECLARATION_STATEMENT";"false";"clojure.lang.PersistentVector.pop()"
"dd665dc8a62f7636c3e26dbbddd92b1089294e31";"STATEMENT_UPDATE";NA;"RETURN_STATEMENT";"false";"clojure.lang.PersistentVector.pop()"
"dd665dc8a62f7636c3e26dbbddd92b1089294e31";"STATEMENT_INSERT";NA;"VARIABLE_DECLARATION_STATEMENT";"false";"clojure.lang.PersistentVector.cons(Object)"
"dd665dc8a62f7636c3e26dbbddd92b1089294e31";"STATEMENT_DELETE";NA;"IF_STATEMENT";"false";"clojure.lang.PersistentVector.create(Object...)"
"dd665dc8a62f7636c3e26dbbddd92b1089294e31";"ALTERNATIVE_PART_DELETE";NA;"ELSE_STATEMENT";"false";"clojure.lang.PersistentVector.popTail(int,Object[],Box)"
"dd665dc8a62f7636c3e26dbbddd92b1089294e31";"STATEMENT_UPDATE";NA;"RETURN_STATEMENT";"false";"clojure.lang.PersistentVector.assocN(int,Object)"
"dd665dc8a62f7636c3e26dbbddd92b1089294e31";"PARAMETER_INSERT";NA;"PARAMETER";"false";"clojure.lang.PersistentVector.PersistentVector(int,int,Object[],Object[])"
"dd665dc8a62f7636c3e26dbbddd92b1089294e31";"STATEMENT_INSERT";NA;"ASSIGNMENT";"false";"clojure.lang.PersistentVector.create(Object...)"
"dd665dc8a62f7636c3e26dbbddd92b1089294e31";"ADDITIONAL_FUNCTIONALITY";NA;"METHOD";"false";"clojure.lang.PersistentVector"
"dd665dc8a62f7636c3e26dbbddd92b1089294e31";"ADDITIONAL_FUNCTIONALITY";NA;"METHOD";"false";"clojure.lang.PersistentVector"
"dd665dc8a62f7636c3e26dbbddd92b1089294e31";"STATEMENT_INSERT";NA;"IF_STATEMENT";"false";"clojure.lang.PersistentVector.pop()"
"dd665dc8a62f7636c3e26dbbddd92b1089294e31";"STATEMENT_INSERT";NA;"ASSIGNMENT";"false";"clojure.lang.PersistentVector.PersistentVector(int,int,Object[],Object[])"
"dd665dc8a62f7636c3e26dbbddd92b1089294e31";"STATEMENT_DELETE";NA;"IF_STATEMENT";"false";"clojure.lang.PersistentVector.popTail(int,Object[],Box)"
"dd665dc8a62f7636c3e26dbbddd92b1089294e31";"STATEMENT_UPDATE";NA;"VARIABLE_DECLARATION_STATEMENT";"false";"clojure.lang.PersistentVector.popTail(int,Object[],Box)"
"dd665dc8a62f7636c3e26dbbddd92b1089294e31";"STATEMENT_INSERT";NA;"RETURN_STATEMENT";"false";"clojure.lang.PersistentVector.nth(int)"
"dd665dc8a62f7636c3e26dbbddd92b1089294e31";"STATEMENT_INSERT";NA;"RETURN_STATEMENT";"false";"clojure.lang.PersistentVector.create(Object...)"
"dd665dc8a62f7636c3e26dbbddd92b1089294e31";"STATEMENT_INSERT";NA;"VARIABLE_DECLARATION_STATEMENT";"false";"clojure.lang.PersistentVector.pop()"
"dd665dc8a62f7636c3e26dbbddd92b1089294e31";"CONDITION_EXPRESSION_CHANGE";NA;"IF_STATEMENT";"false";"clojure.lang.PersistentVector.pop()"
"dd665dc8a62f7636c3e26dbbddd92b1089294e31";"PARAMETER_INSERT";NA;"PARAMETER";"false";"clojure.lang.PersistentVector.popTail(int,Object[],Box)"
"dd665dc8a62f7636c3e26dbbddd92b1089294e31";"REMOVED_FUNCTIONALITY";NA;"METHOD";"false";"clojure.lang.PersistentVector"
"dd665dc8a62f7636c3e26dbbddd92b1089294e31";"STATEMENT_INSERT";NA;"RETURN_STATEMENT";"false";"clojure.lang.PersistentVector.cons(Object)"
"dd665dc8a62f7636c3e26dbbddd92b1089294e31";"PARAMETER_DELETE";NA;"PARAMETER";"false";"clojure.lang.PersistentVector.popTail(int,Object[],Box)"
"dd665dc8a62f7636c3e26dbbddd92b1089294e31";"STATEMENT_DELETE";NA;"ASSIGNMENT";"false";"clojure.lang.PersistentVector.popTail(int,Object[],Box)"
"dd665dc8a62f7636c3e26dbbddd92b1089294e31";"STATEMENT_PARENT_CHANGE";NA;"RETURN_STATEMENT";"false";"clojure.lang.PersistentVector.cons(Object)"
"dd665dc8a62f7636c3e26dbbddd92b1089294e31";"STATEMENT_INSERT";NA;"VARIABLE_DECLARATION_STATEMENT";"false";"clojure.lang.PersistentVector.popTail(int,Object[],Box)"
"dd665dc8a62f7636c3e26dbbddd92b1089294e31";"STATEMENT_UPDATE";NA;"RETURN_STATEMENT";"false";"clojure.lang.PersistentVector.withMeta(IPersistentMap)"
"dd665dc8a62f7636c3e26dbbddd92b1089294e31";"STATEMENT_INSERT";NA;"VARIABLE_DECLARATION_STATEMENT";"false";"clojure.lang.PersistentVector.assocN(int,Object)"
"dd665dc8a62f7636c3e26dbbddd92b1089294e31";"STATEMENT_INSERT";NA;"FOREACH_STATEMENT";"false";"clojure.lang.PersistentVector.create(Object...)"
"dd665dc8a62f7636c3e26dbbddd92b1089294e31";"STATEMENT_INSERT";NA;"RETURN_STATEMENT";"false";"clojure.lang.PersistentVector.assocN(int,Object)"
"dd665dc8a62f7636c3e26dbbddd92b1089294e31";"STATEMENT_DELETE";NA;"RETURN_STATEMENT";"false";"clojure.lang.PersistentVector.create(Object...)"
"dd665dc8a62f7636c3e26dbbddd92b1089294e31";"STATEMENT_INSERT";NA;"ASSIGNMENT";"false";"clojure.lang.PersistentVector.assocN(int,Object)"
"dd665dc8a62f7636c3e26dbbddd92b1089294e31";"PARAMETER_DELETE";NA;"PARAMETER";"false";"clojure.lang.PersistentVector.popTail(int,Object[],Box)"
"dd665dc8a62f7636c3e26dbbddd92b1089294e31";"STATEMENT_INSERT";NA;"ASSIGNMENT";"false";"clojure.lang.PersistentVector.popTail(int,Object[],Box)"
"91dd32a14013140d5321942cb041631109ba7480";"ADDITIONAL_FUNCTIONALITY";NA;"METHOD";"false";"clojure.lang.PersistentHashMap.LeafNode"
"91dd32a14013140d5321942cb041631109ba7480";"ADDITIONAL_FUNCTIONALITY";NA;"METHOD";"false";"clojure.lang.PersistentHashMap.INode"
"91dd32a14013140d5321942cb041631109ba7480";"REMOVED_FUNCTIONALITY";NA;"METHOD";"false";"clojure.lang.PersistentHashMap.INode"
"91dd32a14013140d5321942cb041631109ba7480";"ADDITIONAL_FUNCTIONALITY";NA;"METHOD";"false";"clojure.lang.PersistentHashMap.BitmapIndexedNode"
"91dd32a14013140d5321942cb041631109ba7480";"REMOVED_FUNCTIONALITY";NA;"METHOD";"false";"clojure.lang.PersistentHashMap.FullNode"
"91dd32a14013140d5321942cb041631109ba7480";"ADDITIONAL_FUNCTIONALITY";NA;"METHOD";"false";"clojure.lang.PersistentHashMap.HashCollisionNode"
"91dd32a14013140d5321942cb041631109ba7480";"ADDITIONAL_FUNCTIONALITY";NA;"METHOD";"false";"clojure.lang.PersistentHashMap.EmptyNode"
"91dd32a14013140d5321942cb041631109ba7480";"REMOVED_FUNCTIONALITY";NA;"METHOD";"false";"clojure.lang.PersistentHashMap.LeafNode"
"91dd32a14013140d5321942cb041631109ba7480";"REMOVED_FUNCTIONALITY";NA;"METHOD";"false";"clojure.lang.PersistentHashMap.BitmapIndexedNode"
"91dd32a14013140d5321942cb041631109ba7480";"ADDITIONAL_FUNCTIONALITY";NA;"METHOD";"false";"clojure.lang.PersistentHashMap.FullNode"
"91dd32a14013140d5321942cb041631109ba7480";"REMOVED_FUNCTIONALITY";NA;"METHOD";"false";"clojure.lang.PersistentHashMap.HashCollisionNode"
"91dd32a14013140d5321942cb041631109ba7480";"REMOVED_FUNCTIONALITY";NA;"METHOD";"false";"clojure.lang.PersistentHashMap.EmptyNode"
"7705d1c11ba26627f4889f7b6afceb1e634c7839";"STATEMENT_UPDATE";NA;"RETURN_STATEMENT";"false";"clojure.lang.AMapEntry.hashCode()"
"7705d1c11ba26627f4889f7b6afceb1e634c7839";"CONDITION_EXPRESSION_CHANGE";NA;"IF_STATEMENT";"true";"clojure.lang.APersistentVector.doEquals(IPersistentVector,Object)"
"7705d1c11ba26627f4889f7b6afceb1e634c7839";"CONDITION_EXPRESSION_CHANGE";NA;"FOR_STATEMENT";"true";"clojure.lang.APersistentVector.doEquals(IPersistentVector,Object)"
"7705d1c11ba26627f4889f7b6afceb1e634c7839";"CONDITION_EXPRESSION_CHANGE";NA;"IF_STATEMENT";"true";"clojure.lang.APersistentVector.doEquals(IPersistentVector,Object)"
"7705d1c11ba26627f4889f7b6afceb1e634c7839";"CONDITION_EXPRESSION_CHANGE";NA;"FOR_STATEMENT";"true";"clojure.lang.APersistentVector.doEquals(IPersistentVector,Object)"
"7705d1c11ba26627f4889f7b6afceb1e634c7839";"CONDITION_EXPRESSION_CHANGE";NA;"IF_STATEMENT";"true";"clojure.lang.APersistentVector.doEquals(IPersistentVector,Object)"
"7705d1c11ba26627f4889f7b6afceb1e634c7839";"STATEMENT_DELETE";NA;"RETURN_STATEMENT";"true";"clojure.lang.APersistentVector.equals(Object)"
"7705d1c11ba26627f4889f7b6afceb1e634c7839";"STATEMENT_DELETE";NA;"RETURN_STATEMENT";"true";"clojure.lang.APersistentVector.equals(Object)"
"7705d1c11ba26627f4889f7b6afceb1e634c7839";"STATEMENT_DELETE";NA;"RETURN_STATEMENT";"true";"clojure.lang.APersistentVector.equals(Object)"
"7705d1c11ba26627f4889f7b6afceb1e634c7839";"STATEMENT_DELETE";NA;"RETURN_STATEMENT";"true";"clojure.lang.APersistentVector.equals(Object)"
"7705d1c11ba26627f4889f7b6afceb1e634c7839";"STATEMENT_DELETE";NA;"RETURN_STATEMENT";"true";"clojure.lang.APersistentVector.equals(Object)"
"7705d1c11ba26627f4889f7b6afceb1e634c7839";"STATEMENT_DELETE";NA;"RETURN_STATEMENT";"true";"clojure.lang.APersistentVector.equals(Object)"
"7705d1c11ba26627f4889f7b6afceb1e634c7839";"CONDITION_EXPRESSION_CHANGE";NA;"IF_STATEMENT";"true";"clojure.lang.APersistentVector.doEquals(IPersistentVector,Object)"
"7705d1c11ba26627f4889f7b6afceb1e634c7839";"STATEMENT_INSERT";NA;"IF_STATEMENT";"true";"clojure.lang.APersistentVector.doEquals(IPersistentVector,Object)"
"7705d1c11ba26627f4889f7b6afceb1e634c7839";"STATEMENT_INSERT";NA;"VARIABLE_DECLARATION_STATEMENT";"true";"clojure.lang.APersistentVector.doEquals(IPersistentVector,Object)"
"7705d1c11ba26627f4889f7b6afceb1e634c7839";"STATEMENT_INSERT";NA;"IF_STATEMENT";"true";"clojure.lang.APersistentVector.doEquals(IPersistentVector,Object)"
"7705d1c11ba26627f4889f7b6afceb1e634c7839";"STATEMENT_INSERT";NA;"FOR_STATEMENT";"true";"clojure.lang.APersistentVector.doEquals(IPersistentVector,Object)"
"7705d1c11ba26627f4889f7b6afceb1e634c7839";"STATEMENT_INSERT";NA;"IF_STATEMENT";"true";"clojure.lang.APersistentVector.doEquals(IPersistentVector,Object)"
"7705d1c11ba26627f4889f7b6afceb1e634c7839";"STATEMENT_INSERT";NA;"VARIABLE_DECLARATION_STATEMENT";"true";"clojure.lang.APersistentVector.doEquals(IPersistentVector,Object)"
"7705d1c11ba26627f4889f7b6afceb1e634c7839";"STATEMENT_INSERT";NA;"POSTFIX_EXPRESSION";"true";"clojure.lang.APersistentVector.doEquals(IPersistentVector,Object)"
"7705d1c11ba26627f4889f7b6afceb1e634c7839";"ALTERNATIVE_PART_INSERT";NA;"ELSE_STATEMENT";"true";"clojure.lang.APersistentVector.doEquals(IPersistentVector,Object)"
"7705d1c11ba26627f4889f7b6afceb1e634c7839";"STATEMENT_INSERT";NA;"VARIABLE_DECLARATION_STATEMENT";"true";"clojure.lang.APersistentVector.doEquals(IPersistentVector,Object)"
"7705d1c11ba26627f4889f7b6afceb1e634c7839";"STATEMENT_INSERT";NA;"FOR_STATEMENT";"true";"clojure.lang.APersistentVector.doEquals(IPersistentVector,Object)"
"7705d1c11ba26627f4889f7b6afceb1e634c7839";"STATEMENT_INSERT";NA;"IF_STATEMENT";"true";"clojure.lang.APersistentVector.doEquals(IPersistentVector,Object)"
"7705d1c11ba26627f4889f7b6afceb1e634c7839";"STATEMENT_INSERT";NA;"VARIABLE_DECLARATION_STATEMENT";"true";"clojure.lang.APersistentVector.doEquals(IPersistentVector,Object)"
"7705d1c11ba26627f4889f7b6afceb1e634c7839";"STATEMENT_INSERT";NA;"POSTFIX_EXPRESSION";"true";"clojure.lang.APersistentVector.doEquals(IPersistentVector,Object)"
"7705d1c11ba26627f4889f7b6afceb1e634c7839";"STATEMENT_INSERT";NA;"ASSIGNMENT";"true";"clojure.lang.APersistentVector.doEquals(IPersistentVector,Object)"
"7705d1c11ba26627f4889f7b6afceb1e634c7839";"STATEMENT_INSERT";NA;"IF_STATEMENT";"true";"clojure.lang.APersistentVector.doEquals(IPersistentVector,Object)"
"7705d1c11ba26627f4889f7b6afceb1e634c7839";"STATEMENT_DELETE";NA;"RETURN_STATEMENT";"true";"clojure.lang.AMapEntry.equals(Object)"
"7705d1c11ba26627f4889f7b6afceb1e634c7839";"STATEMENT_DELETE";NA;"VARIABLE_DECLARATION_STATEMENT";"true";"clojure.lang.AMapEntry.equals(Object)"
"7705d1c11ba26627f4889f7b6afceb1e634c7839";"STATEMENT_DELETE";NA;"RETURN_STATEMENT";"true";"clojure.lang.AMapEntry.equals(Object)"
"7705d1c11ba26627f4889f7b6afceb1e634c7839";"STATEMENT_INSERT";NA;"IF_STATEMENT";"false";"clojure.lang.APersistentMap.cons(Object)"
"7705d1c11ba26627f4889f7b6afceb1e634c7839";"STATEMENT_INSERT";NA;"VARIABLE_DECLARATION_STATEMENT";"false";"clojure.lang.APersistentMap.cons(Object)"
"7705d1c11ba26627f4889f7b6afceb1e634c7839";"STATEMENT_DELETE";NA;"IF_STATEMENT";"false";"clojure.lang.APersistentMap.cons(Object)"
"7705d1c11ba26627f4889f7b6afceb1e634c7839";"STATEMENT_INSERT";NA;"RETURN_STATEMENT";"false";"clojure.lang.APersistentMap.cons(Object)"
"7705d1c11ba26627f4889f7b6afceb1e634c7839";"STATEMENT_DELETE";NA;"VARIABLE_DECLARATION_STATEMENT";"false";"clojure.lang.APersistentMap.cons(Object)"
"7705d1c11ba26627f4889f7b6afceb1e634c7839";"STATEMENT_INSERT";NA;"THROW_STATEMENT";"false";"clojure.lang.APersistentMap.cons(Object)"
"7705d1c11ba26627f4889f7b6afceb1e634c7839";"COMMENT_INSERT";NA;"LINE_COMMENT";"false";"clojure.lang.AMapEntry.hashCode()"
"7705d1c11ba26627f4889f7b6afceb1e634c7839";"STATEMENT_DELETE";NA;"RETURN_STATEMENT";"false";"clojure.lang.APersistentMap.cons(Object)"
"7705d1c11ba26627f4889f7b6afceb1e634c7839";"STATEMENT_INSERT";NA;"IF_STATEMENT";"false";"clojure.lang.APersistentMap.cons(Object)"
"978af02b0a7e2b430c917b32b58215edcae2ad2d";"STATEMENT_INSERT";NA;"RETURN_STATEMENT";"false";"clojure.lang.PersistentArrayMap.Iter.next()"
"978af02b0a7e2b430c917b32b58215edcae2ad2d";"PARENT_CLASS_CHANGE";NA;"SINGLE_TYPE";"false";"clojure.lang.MapEntry"
"978af02b0a7e2b430c917b32b58215edcae2ad2d";"REMOVED_FUNCTIONALITY";NA;"METHOD";"false";"clojure.lang.PersistentArrayMap.Iter"
"978af02b0a7e2b430c917b32b58215edcae2ad2d";"STATEMENT_PARENT_CHANGE";NA;"IF_STATEMENT";"false";"clojure.lang.RT.nth(Object,int)"
"978af02b0a7e2b430c917b32b58215edcae2ad2d";"STATEMENT_DELETE";NA;"VARIABLE_DECLARATION_STATEMENT";"false";"clojure.lang.RT.nth(Object,int)"
"978af02b0a7e2b430c917b32b58215edcae2ad2d";"STATEMENT_DELETE";NA;"IF_STATEMENT";"false";"clojure.lang.RT.nth(Object,int)"
"978af02b0a7e2b430c917b32b58215edcae2ad2d";"REMOVED_FUNCTIONALITY";NA;"METHOD";"false";"clojure.lang.PersistentArrayMap.Seq"
"978af02b0a7e2b430c917b32b58215edcae2ad2d";"REMOVED_FUNCTIONALITY";NA;"METHOD";"false";"clojure.lang.PersistentTreeMap.Node"
"978af02b0a7e2b430c917b32b58215edcae2ad2d";"REMOVED_FUNCTIONALITY";NA;"METHOD";"false";"clojure.lang.MapEntry"
"978af02b0a7e2b430c917b32b58215edcae2ad2d";"PARENT_CLASS_CHANGE";NA;"SINGLE_TYPE";"false";"clojure.lang.PersistentHashMap.LeafNode"
"978af02b0a7e2b430c917b32b58215edcae2ad2d";"STATEMENT_PARENT_CHANGE";NA;"IF_STATEMENT";"false";"clojure.lang.RT.nth(Object,int)"
"978af02b0a7e2b430c917b32b58215edcae2ad2d";"ALTERNATIVE_PART_DELETE";NA;"ELSE_STATEMENT";"false";"clojure.lang.RT.nth(Object,int)"
"978af02b0a7e2b430c917b32b58215edcae2ad2d";"STATEMENT_INSERT";NA;"IF_STATEMENT";"false";"clojure.lang.RT.map(Object...)"
"978af02b0a7e2b430c917b32b58215edcae2ad2d";"REMOVED_FUNCTIONALITY";NA;"METHOD";"false";"clojure.lang.MapEntry"
"978af02b0a7e2b430c917b32b58215edcae2ad2d";"CONDITION_EXPRESSION_CHANGE";NA;"IF_STATEMENT";"false";"clojure.lang.RT.nth(Object,int)"
"978af02b0a7e2b430c917b32b58215edcae2ad2d";"STATEMENT_DELETE";NA;"IF_STATEMENT";"false";"clojure.lang.PersistentArrayMap.entryAt(Object)"
"978af02b0a7e2b430c917b32b58215edcae2ad2d";"CONDITION_EXPRESSION_CHANGE";NA;"IF_STATEMENT";"false";"clojure.lang.RT.nth(Object,int)"
"978af02b0a7e2b430c917b32b58215edcae2ad2d";"REMOVED_FUNCTIONALITY";NA;"METHOD";"false";"clojure.lang.PersistentArrayMap.Iter"
"978af02b0a7e2b430c917b32b58215edcae2ad2d";"STATEMENT_DELETE";NA;"IF_STATEMENT";"false";"clojure.lang.RT.nth(Object,int)"
"978af02b0a7e2b430c917b32b58215edcae2ad2d";"STATEMENT_DELETE";NA;"RETURN_STATEMENT";"false";"clojure.lang.RT.assoc(Object,Object,Object)"
"978af02b0a7e2b430c917b32b58215edcae2ad2d";"STATEMENT_DELETE";NA;"RETURN_STATEMENT";"false";"clojure.lang.RT.map(Object...)"
"978af02b0a7e2b430c917b32b58215edcae2ad2d";"PARENT_CLASS_DELETE";NA;"SINGLE_TYPE";"false";"clojure.lang.MapEntry"
"978af02b0a7e2b430c917b32b58215edcae2ad2d";"REMOVED_FUNCTIONALITY";NA;"METHOD";"false";"clojure.lang.PersistentArrayMap.Iter"
"978af02b0a7e2b430c917b32b58215edcae2ad2d";"PARENT_INTERFACE_DELETE";NA;"SINGLE_TYPE";"false";"clojure.lang.PersistentArrayMap.Seq"
"978af02b0a7e2b430c917b32b58215edcae2ad2d";"STATEMENT_DELETE";NA;"RETURN_STATEMENT";"false";"clojure.lang.PersistentArrayMap.entryAt(Object)"
"978af02b0a7e2b430c917b32b58215edcae2ad2d";"PARENT_INTERFACE_DELETE";NA;"SINGLE_TYPE";"false";"clojure.lang.PersistentArrayMap.Iter"
"978af02b0a7e2b430c917b32b58215edcae2ad2d";"STATEMENT_PARENT_CHANGE";NA;"VARIABLE_DECLARATION_STATEMENT";"false";"clojure.lang.RT.nth(Object,int)"
"978af02b0a7e2b430c917b32b58215edcae2ad2d";"REMOVED_FUNCTIONALITY";NA;"METHOD";"false";"clojure.lang.PersistentArrayMap.Iter"
"978af02b0a7e2b430c917b32b58215edcae2ad2d";"REMOVED_FUNCTIONALITY";NA;"METHOD";"false";"clojure.lang.MapEntry"
"978af02b0a7e2b430c917b32b58215edcae2ad2d";"STATEMENT_DELETE";NA;"RETURN_STATEMENT";"false";"clojure.lang.PersistentArrayMap.Iter.next()"
"978af02b0a7e2b430c917b32b58215edcae2ad2d";"REMOVED_FUNCTIONALITY";NA;"METHOD";"false";"clojure.lang.PersistentArrayMap.Seq"
"978af02b0a7e2b430c917b32b58215edcae2ad2d";"REMOVED_FUNCTIONALITY";NA;"METHOD";"false";"clojure.lang.MapEntry"
"978af02b0a7e2b430c917b32b58215edcae2ad2d";"STATEMENT_PARENT_CHANGE";NA;"RETURN_STATEMENT";"false";"clojure.lang.RT.nth(Object,int)"
"978af02b0a7e2b430c917b32b58215edcae2ad2d";"STATEMENT_DELETE";NA;"IF_STATEMENT";"false";"clojure.lang.RT.assoc(Object,Object,Object)"
"978af02b0a7e2b430c917b32b58215edcae2ad2d";"STATEMENT_INSERT";NA;"RETURN_STATEMENT";"false";"clojure.lang.PersistentArrayMap.Seq.first()"
"978af02b0a7e2b430c917b32b58215edcae2ad2d";"REMOVED_FUNCTIONALITY";NA;"METHOD";"false";"clojure.lang.MapEntry"
"978af02b0a7e2b430c917b32b58215edcae2ad2d";"REMOVED_FUNCTIONALITY";NA;"METHOD";"false";"clojure.lang.MapEntry"
"978af02b0a7e2b430c917b32b58215edcae2ad2d";"REMOVED_FUNCTIONALITY";NA;"METHOD";"false";"clojure.lang.MapEntry"
"978af02b0a7e2b430c917b32b58215edcae2ad2d";"STATEMENT_INSERT";NA;"RETURN_STATEMENT";"false";"clojure.lang.RT.assoc(Object,Object,Object)"
"978af02b0a7e2b430c917b32b58215edcae2ad2d";"REMOVED_CLASS";NA;"CLASS";"false";"clojure.lang.MapEntry"
"978af02b0a7e2b430c917b32b58215edcae2ad2d";"STATEMENT_DELETE";NA;"IF_STATEMENT";"false";"clojure.lang.RT.nth(Object,int)"
"978af02b0a7e2b430c917b32b58215edcae2ad2d";"STATEMENT_INSERT";NA;"RETURN_STATEMENT";"false";"clojure.lang.RT.map(Object...)"
"978af02b0a7e2b430c917b32b58215edcae2ad2d";"PARENT_CLASS_CHANGE";NA;"SINGLE_TYPE";"false";"clojure.lang.PersistentTreeMap.Node"
"978af02b0a7e2b430c917b32b58215edcae2ad2d";"RETURN_TYPE_CHANGE";NA;"SINGLE_TYPE";"true";"clojure.lang.AMapEntry.valAt(Object)"
"978af02b0a7e2b430c917b32b58215edcae2ad2d";"STATEMENT_INSERT";NA;"RETURN_STATEMENT";"true";"clojure.lang.AMapEntry.valAt(Object)"
"978af02b0a7e2b430c917b32b58215edcae2ad2d";"STATEMENT_DELETE";NA;"RETURN_STATEMENT";"true";"clojure.lang.AMapEntry.valAt(Object)"
"978af02b0a7e2b430c917b32b58215edcae2ad2d";"STATEMENT_DELETE";NA;"THROW_STATEMENT";"false";"clojure.lang.RT.nth(Object,int)"
"978af02b0a7e2b430c917b32b58215edcae2ad2d";"STATEMENT_PARENT_CHANGE";NA;"FOR_STATEMENT";"false";"clojure.lang.RT.nth(Object,int)"
"978af02b0a7e2b430c917b32b58215edcae2ad2d";"PARENT_INTERFACE_DELETE";NA;"QUALIFIED_TYPE";"false";"clojure.lang.PersistentHashMap.LeafNode"
"978af02b0a7e2b430c917b32b58215edcae2ad2d";"STATEMENT_DELETE";NA;"RETURN_STATEMENT";"false";"clojure.lang.RT.nth(Object,int)"
"978af02b0a7e2b430c917b32b58215edcae2ad2d";"REMOVED_FUNCTIONALITY";NA;"METHOD";"false";"clojure.lang.MapEntry"
"978af02b0a7e2b430c917b32b58215edcae2ad2d";"STATEMENT_INSERT";NA;"IF_STATEMENT";"false";"clojure.lang.RT.assoc(Object,Object,Object)"
"978af02b0a7e2b430c917b32b58215edcae2ad2d";"REMOVED_FUNCTIONALITY";NA;"METHOD";"false";"clojure.lang.PersistentArrayMap.Iter"
"978af02b0a7e2b430c917b32b58215edcae2ad2d";"STATEMENT_DELETE";NA;"RETURN_STATEMENT";"false";"clojure.lang.PersistentArrayMap.Seq.first()"
"978af02b0a7e2b430c917b32b58215edcae2ad2d";"REMOVED_FUNCTIONALITY";NA;"METHOD";"false";"clojure.lang.PersistentArrayMap.Seq"
"978af02b0a7e2b430c917b32b58215edcae2ad2d";"REMOVED_FUNCTIONALITY";NA;"METHOD";"false";"clojure.lang.PersistentHashMap.LeafNode"
"978af02b0a7e2b430c917b32b58215edcae2ad2d";"STATEMENT_PARENT_CHANGE";NA;"IF_STATEMENT";"false";"clojure.lang.RT.nth(Object,int)"
"978af02b0a7e2b430c917b32b58215edcae2ad2d";"STATEMENT_DELETE";NA;"RETURN_STATEMENT";"false";"clojure.lang.RT.nth(Object,int)"
"978af02b0a7e2b430c917b32b58215edcae2ad2d";"STATEMENT_DELETE";NA;"IF_STATEMENT";"false";"clojure.lang.RT.map(Object...)"
"978af02b0a7e2b430c917b32b58215edcae2ad2d";"REMOVED_FUNCTIONALITY";NA;"METHOD";"false";"clojure.lang.RT"
"978af02b0a7e2b430c917b32b58215edcae2ad2d";"REMOVED_FUNCTIONALITY";NA;"METHOD";"false";"clojure.lang.MapEntry"
"978af02b0a7e2b430c917b32b58215edcae2ad2d";"REMOVED_FUNCTIONALITY";NA;"METHOD";"false";"clojure.lang.MapEntry"
"978af02b0a7e2b430c917b32b58215edcae2ad2d";"REMOVED_FUNCTIONALITY";NA;"METHOD";"false";"clojure.lang.MapEntry"
"978af02b0a7e2b430c917b32b58215edcae2ad2d";"REMOVED_FUNCTIONALITY";NA;"METHOD";"false";"clojure.lang.PersistentArrayMap.Seq"
"978af02b0a7e2b430c917b32b58215edcae2ad2d";"STATEMENT_INSERT";NA;"RETURN_STATEMENT";"false";"clojure.lang.PersistentArrayMap.entryAt(Object)"
"978af02b0a7e2b430c917b32b58215edcae2ad2d";"REMOVED_FUNCTIONALITY";NA;"METHOD";"false";"clojure.lang.PersistentArrayMap.Seq"
"978af02b0a7e2b430c917b32b58215edcae2ad2d";"STATEMENT_INSERT";NA;"IF_STATEMENT";"false";"clojure.lang.PersistentArrayMap.entryAt(Object)"
"978af02b0a7e2b430c917b32b58215edcae2ad2d";"ALTERNATIVE_PART_DELETE";NA;"ELSE_STATEMENT";"false";"clojure.lang.RT.nth(Object,int)"
"978af02b0a7e2b430c917b32b58215edcae2ad2d";"CONDITION_EXPRESSION_CHANGE";NA;"IF_STATEMENT";"false";"clojure.lang.RT.nth(Object,int)"
"978af02b0a7e2b430c917b32b58215edcae2ad2d";"ADDITIONAL_CLASS";NA;"CLASS";"false";NA
"221023b4d27e75757e3c842176872d5300d35b23";"PARENT_INTERFACE_INSERT";NA;"SINGLE_TYPE";"false";"clojure.lang.Var"
"221023b4d27e75757e3c842176872d5300d35b23";"STATEMENT_INSERT";NA;"ASSIGNMENT";"false";"clojure.lang.Compiler.DefExpr.Parser.parse(C,Object)"
"221023b4d27e75757e3c842176872d5300d35b23";"STATEMENT_UPDATE";NA;"RETURN_STATEMENT";"false";"clojure.lang.LispReader.ListReader.invoke(Object,Object)"
"221023b4d27e75757e3c842176872d5300d35b23";"STATEMENT_DELETE";NA;"ASSIGNMENT";"false";"clojure.lang.Compiler.DefExpr.DefExpr(Var,Expr,Expr,boolean)"
"221023b4d27e75757e3c842176872d5300d35b23";"ADDITIONAL_OBJECT_STATE";NA;"FIELD";"false";"clojure.lang.RT"
"221023b4d27e75757e3c842176872d5300d35b23";"STATEMENT_DELETE";NA;"METHOD_INVOCATION";"false";"clojure.lang.Compiler.DefExpr.emit(C,FnExpr,GeneratorAdapter)"
"221023b4d27e75757e3c842176872d5300d35b23";"STATEMENT_DELETE";NA;"RETURN_STATEMENT";"false";"clojure.lang.Var.isMacro()"
"221023b4d27e75757e3c842176872d5300d35b23";"ADDITIONAL_OBJECT_STATE";NA;"FIELD";"false";"clojure.lang.Compiler.VarExpr"
"221023b4d27e75757e3c842176872d5300d35b23";"ADDITIONAL_OBJECT_STATE";NA;"FIELD";"false";"clojure.lang.Var"
"221023b4d27e75757e3c842176872d5300d35b23";"REMOVED_FUNCTIONALITY";NA;"METHOD";"false";"clojure.lang.Var"
"221023b4d27e75757e3c842176872d5300d35b23";"STATEMENT_INSERT";NA;"ASSIGNMENT";"false";"clojure.lang.Var.setTag(Symbol)"
"221023b4d27e75757e3c842176872d5300d35b23";"STATEMENT_INSERT";NA;"ASSIGNMENT";"false";"clojure.lang.Var.bindRoot(Object)"
"221023b4d27e75757e3c842176872d5300d35b23";"STATEMENT_INSERT";NA;"VARIABLE_DECLARATION_STATEMENT";"false";"clojure.lang.Compiler.DefExpr.Parser.parse(C,Object)"
"221023b4d27e75757e3c842176872d5300d35b23";"ADDITIONAL_FUNCTIONALITY";NA;"METHOD";"false";"clojure.lang.Compiler.HostExpr"
"221023b4d27e75757e3c842176872d5300d35b23";"ADDITIONAL_OBJECT_STATE";NA;"FIELD";"false";"clojure.lang.RT"
"221023b4d27e75757e3c842176872d5300d35b23";"STATEMENT_INSERT";NA;"METHOD_INVOCATION";"false";"clojure.lang.Var.Var(Namespace,Symbol)"
"221023b4d27e75757e3c842176872d5300d35b23";"ADDITIONAL_OBJECT_STATE";NA;"FIELD";"false";"clojure.lang.Var"
"221023b4d27e75757e3c842176872d5300d35b23";"ADDITIONAL_FUNCTIONALITY";NA;"METHOD";"false";"clojure.lang.Var"
"221023b4d27e75757e3c842176872d5300d35b23";"REMOVED_OBJECT_STATE";NA;"FIELD";"false";"clojure.lang.Var"
"221023b4d27e75757e3c842176872d5300d35b23";"PARAMETER_INSERT";NA;"PARAMETER";"false";"clojure.lang.Compiler.DefExpr.DefExpr(Var,Expr,Expr,boolean)"
"221023b4d27e75757e3c842176872d5300d35b23";"STATEMENT_INSERT";NA;"METHOD_INVOCATION";"false";"clojure.lang.Compiler.DefExpr.emit(C,FnExpr,GeneratorAdapter)"
"221023b4d27e75757e3c842176872d5300d35b23";"STATEMENT_DELETE";NA;"ASSIGNMENT";"false";"clojure.lang.Var.setTag(Symbol)"
"221023b4d27e75757e3c842176872d5300d35b23";"CONDITION_EXPRESSION_CHANGE";NA;"IF_STATEMENT";"false";"clojure.lang.Compiler.DefExpr.emit(C,FnExpr,GeneratorAdapter)"
"221023b4d27e75757e3c842176872d5300d35b23";"ADDITIONAL_OBJECT_STATE";NA;"FIELD";"false";"clojure.lang.Compiler.DefExpr"
"221023b4d27e75757e3c842176872d5300d35b23";"STATEMENT_UPDATE";NA;"RETURN_STATEMENT";"false";"clojure.lang.Var.toString()"
"221023b4d27e75757e3c842176872d5300d35b23";"STATEMENT_INSERT";NA;"ASSIGNMENT";"false";"clojure.lang.Compiler.DefExpr.DefExpr(Var,Expr,Expr,boolean)"
"221023b4d27e75757e3c842176872d5300d35b23";"ALTERNATIVE_PART_DELETE";NA;"ELSE_STATEMENT";"false";"clojure.lang.Compiler.DefExpr.emit(C,FnExpr,GeneratorAdapter)"
"221023b4d27e75757e3c842176872d5300d35b23";"STATEMENT_UPDATE";NA;"METHOD_INVOCATION";"false";"clojure.lang.Compiler.DefExpr.emit(C,FnExpr,GeneratorAdapter)"
"221023b4d27e75757e3c842176872d5300d35b23";"ADDITIONAL_OBJECT_STATE";NA;"FIELD";"false";"clojure.lang.Var"
"221023b4d27e75757e3c842176872d5300d35b23";"REMOVED_OBJECT_STATE";NA;"FIELD";"false";"clojure.lang.Compiler.VarExpr"
"221023b4d27e75757e3c842176872d5300d35b23";"PARAMETER_DELETE";NA;"PARAMETER";"false";"clojure.lang.Compiler.DefExpr.DefExpr(Var,Expr,Expr,boolean)"
"221023b4d27e75757e3c842176872d5300d35b23";"STATEMENT_DELETE";NA;"ASSIGNMENT";"false";"clojure.lang.Var.bindRoot(Object)"
"221023b4d27e75757e3c842176872d5300d35b23";"STATEMENT_DELETE";NA;"METHOD_INVOCATION";"false";"clojure.lang.Compiler.DefExpr.emit(C,FnExpr,GeneratorAdapter)"
"221023b4d27e75757e3c842176872d5300d35b23";"CONDITION_EXPRESSION_CHANGE";NA;"IF_STATEMENT";"false";"clojure.lang.Compiler.isMacro(Object)"
"221023b4d27e75757e3c842176872d5300d35b23";"STATEMENT_DELETE";NA;"ASSIGNMENT";"false";"clojure.lang.Var.setMacro()"
"221023b4d27e75757e3c842176872d5300d35b23";"REMOVED_OBJECT_STATE";NA;"FIELD";"false";"clojure.lang.LispReader"
"221023b4d27e75757e3c842176872d5300d35b23";"ADDITIONAL_OBJECT_STATE";NA;"FIELD";"false";"clojure.lang.Var"
"221023b4d27e75757e3c842176872d5300d35b23";"RETURN_TYPE_CHANGE";NA;"SINGLE_TYPE";"false";"clojure.lang.Var.getTag()"
"221023b4d27e75757e3c842176872d5300d35b23";"ADDITIONAL_OBJECT_STATE";NA;"FIELD";"false";"clojure.lang.Compiler.DefExpr"
"221023b4d27e75757e3c842176872d5300d35b23";"ADDITIONAL_FUNCTIONALITY";NA;"METHOD";"false";"clojure.lang.Var"
"221023b4d27e75757e3c842176872d5300d35b23";"REMOVED_FUNCTIONALITY";NA;"METHOD";"false";"clojure.lang.Compiler.HostExpr"
"221023b4d27e75757e3c842176872d5300d35b23";"STATEMENT_INSERT";NA;"METHOD_INVOCATION";"false";"clojure.lang.Compiler.DefExpr.emit(C,FnExpr,GeneratorAdapter)"
"221023b4d27e75757e3c842176872d5300d35b23";"STATEMENT_INSERT";NA;"VARIABLE_DECLARATION_STATEMENT";"false";"clojure.lang.Compiler.DefExpr.Parser.parse(C,Object)"
"221023b4d27e75757e3c842176872d5300d35b23";"STATEMENT_UPDATE";NA;"RETURN_STATEMENT";"false";"clojure.lang.Compiler.DefExpr.Parser.parse(C,Object)"
"221023b4d27e75757e3c842176872d5300d35b23";"STATEMENT_UPDATE";NA;"ASSIGNMENT";"false";"clojure.lang.Compiler.analyzeSeq(C,ISeq,String)"
"221023b4d27e75757e3c842176872d5300d35b23";"STATEMENT_UPDATE";NA;"ASSIGNMENT";"false";"clojure.lang.LispReader.MetaReader.invoke(Object,Object)"
"221023b4d27e75757e3c842176872d5300d35b23";"REMOVED_OBJECT_STATE";NA;"FIELD";"false";"clojure.lang.Var"
"221023b4d27e75757e3c842176872d5300d35b23";"ADDITIONAL_OBJECT_STATE";NA;"FIELD";"false";"clojure.lang.Compiler.InvokeExpr"
"221023b4d27e75757e3c842176872d5300d35b23";"STATEMENT_DELETE";NA;"RETURN_STATEMENT";"false";"clojure.lang.Var.getTag()"
"221023b4d27e75757e3c842176872d5300d35b23";"CONDITION_EXPRESSION_CHANGE";NA;"IF_STATEMENT";"false";"clojure.lang.Compiler.analyzeSeq(C,ISeq,String)"
"221023b4d27e75757e3c842176872d5300d35b23";"ADDITIONAL_FUNCTIONALITY";NA;"METHOD";"false";"clojure.lang.Var"
"221023b4d27e75757e3c842176872d5300d35b23";"COMMENT_INSERT";NA;"LINE_COMMENT";"false";"clojure.lang.Var.Var(Namespace,Symbol)"
"221023b4d27e75757e3c842176872d5300d35b23";"ADDITIONAL_FUNCTIONALITY";NA;"METHOD";"false";"clojure.lang.Var"
"221023b4d27e75757e3c842176872d5300d35b23";"STATEMENT_INSERT";NA;"RETURN_STATEMENT";"false";"clojure.lang.Var.isMacro()"
"221023b4d27e75757e3c842176872d5300d35b23";"CONDITION_EXPRESSION_CHANGE";NA;"IF_STATEMENT";"false";"clojure.lang.Compiler.resolveIn(Namespace,Symbol)"
"221023b4d27e75757e3c842176872d5300d35b23";"REMOVED_OBJECT_STATE";NA;"FIELD";"false";"clojure.lang.Var"
"221023b4d27e75757e3c842176872d5300d35b23";"STATEMENT_DELETE";NA;"METHOD_INVOCATION";"false";"clojure.lang.Compiler.DefExpr.emit(C,FnExpr,GeneratorAdapter)"
"221023b4d27e75757e3c842176872d5300d35b23";"STATEMENT_DELETE";NA;"METHOD_INVOCATION";"false";"clojure.lang.Compiler.DefExpr.emit(C,FnExpr,GeneratorAdapter)"
"221023b4d27e75757e3c842176872d5300d35b23";"ADDITIONAL_OBJECT_STATE";NA;"FIELD";"false";"clojure.lang.Var"
"221023b4d27e75757e3c842176872d5300d35b23";"STATEMENT_DELETE";NA;"METHOD_INVOCATION";"false";"clojure.lang.Compiler.DefExpr.eval()"
"221023b4d27e75757e3c842176872d5300d35b23";"STATEMENT_INSERT";NA;"METHOD_INVOCATION";"false";"clojure.lang.Compiler.DefExpr.eval()"
"221023b4d27e75757e3c842176872d5300d35b23";"STATEMENT_PARENT_CHANGE";NA;"METHOD_INVOCATION";"false";"clojure.lang.Compiler.DefExpr.emit(C,FnExpr,GeneratorAdapter)"
"221023b4d27e75757e3c842176872d5300d35b23";"STATEMENT_UPDATE";NA;"THROW_STATEMENT";"false";"clojure.lang.Compiler.DefExpr.Parser.parse(C,Object)"
"221023b4d27e75757e3c842176872d5300d35b23";"STATEMENT_INSERT";NA;"IF_STATEMENT";"false";"clojure.lang.Compiler.DefExpr.eval()"
"221023b4d27e75757e3c842176872d5300d35b23";"REMOVED_OBJECT_STATE";NA;"FIELD";"false";"clojure.lang.Compiler.DefExpr"
"221023b4d27e75757e3c842176872d5300d35b23";"STATEMENT_INSERT";NA;"RETURN_STATEMENT";"false";"clojure.lang.Var.getTag()"
"221023b4d27e75757e3c842176872d5300d35b23";"REMOVED_OBJECT_STATE";NA;"FIELD";"false";"clojure.lang.Compiler.InvokeExpr"
"221023b4d27e75757e3c842176872d5300d35b23";"STATEMENT_INSERT";NA;"ASSIGNMENT";"false";"clojure.lang.Var.setMacro()"
"221023b4d27e75757e3c842176872d5300d35b23";"STATEMENT_PARENT_CHANGE";NA;"METHOD_INVOCATION";"false";"clojure.lang.Compiler.DefExpr.emit(C,FnExpr,GeneratorAdapter)"
"221023b4d27e75757e3c842176872d5300d35b23";"REMOVED_FUNCTIONALITY";NA;"METHOD";"false";"clojure.lang.Var"
"36868a7734f15c51eb1831aa9d72a14544496987";"STATEMENT_INSERT";NA;"RETURN_STATEMENT";"false";"clojure.lang.Compiler.HostExpr.tagToClass(Symbol)"
"36868a7734f15c51eb1831aa9d72a14544496987";"ADDITIONAL_FUNCTIONALITY";NA;"METHOD";"false";"clojure.lang.Namespace"
"36868a7734f15c51eb1831aa9d72a14544496987";"PARAMETER_INSERT";NA;"PARAMETER";"false";"clojure.lang.Compiler.TryExpr.CatchClause.CatchClause(Class,LocalBinding,Expr)"
"36868a7734f15c51eb1831aa9d72a14544496987";"PARAMETER_DELETE";NA;"PARAMETER";"false";"clojure.lang.Compiler.StaticMethodExpr.StaticMethodExpr(int,Class,String,IPersistentVector)"
"36868a7734f15c51eb1831aa9d72a14544496987";"STATEMENT_DELETE";NA;"RETURN_STATEMENT";"false";"clojure.lang.Compiler.HostExpr.maybeClass(Object,boolean)"
"36868a7734f15c51eb1831aa9d72a14544496987";"STATEMENT_INSERT";NA;"IF_STATEMENT";"false";"clojure.lang.Namespace.unintern(Symbol)"
"36868a7734f15c51eb1831aa9d72a14544496987";"STATEMENT_UPDATE";NA;"RETURN_STATEMENT";"false";"clojure.lang.Compiler.NewExpr.Parser.parse(C,Object)"
"36868a7734f15c51eb1831aa9d72a14544496987";"STATEMENT_INSERT";NA;"IF_STATEMENT";"false";"clojure.lang.Compiler.HostExpr.maybeClass(Object,boolean)"
"36868a7734f15c51eb1831aa9d72a14544496987";"STATEMENT_DELETE";NA;"ASSIGNMENT";"false";"clojure.lang.Compiler.StaticFieldExpr.StaticFieldExpr(int,Class,String)"
"36868a7734f15c51eb1831aa9d72a14544496987";"STATEMENT_DELETE";NA;"RETURN_STATEMENT";"true";"clojure.lang.Reflector.setStaticField(String,String,Object)"
"36868a7734f15c51eb1831aa9d72a14544496987";"STATEMENT_INSERT";NA;"VARIABLE_DECLARATION_STATEMENT";"false";"clojure.lang.Namespace.unintern(Symbol)"
"36868a7734f15c51eb1831aa9d72a14544496987";"STATEMENT_INSERT";NA;"RETURN_STATEMENT";"false";"clojure.lang.Namespace.refer(Symbol,Var)"
"36868a7734f15c51eb1831aa9d72a14544496987";"STATEMENT_UPDATE";NA;"ASSIGNMENT";"false";"clojure.lang.Compiler.HostExpr.maybeClass(Object,boolean)"
"36868a7734f15c51eb1831aa9d72a14544496987";"PARAMETER_INSERT";NA;"PARAMETER";"false";"clojure.lang.Compiler.StaticMethodExpr.StaticMethodExpr(int,Class,String,IPersistentVector)"
"36868a7734f15c51eb1831aa9d72a14544496987";"STATEMENT_INSERT";NA;"VARIABLE_DECLARATION_STATEMENT";"false";"clojure.lang.Compiler.resolveSymbol(Symbol)"
"36868a7734f15c51eb1831aa9d72a14544496987";"REMOVED_OBJECT_STATE";NA;"FIELD";"false";"clojure.lang.RT"
"36868a7734f15c51eb1831aa9d72a14544496987";"STATEMENT_INSERT";NA;"IF_STATEMENT";"false";"clojure.lang.Compiler.HostExpr.tagToClass(Symbol)"
"36868a7734f15c51eb1831aa9d72a14544496987";"STATEMENT_DELETE";NA;"IF_STATEMENT";"false";"clojure.lang.Compiler.HostExpr.tagToClass(Symbol)"
"36868a7734f15c51eb1831aa9d72a14544496987";"STATEMENT_UPDATE";NA;"ASSIGNMENT";"false";"clojure.lang.Compiler.HostExpr.maybeClass(Object,boolean)"
"36868a7734f15c51eb1831aa9d72a14544496987";"STATEMENT_UPDATE";NA;"METHOD_INVOCATION";"false";"clojure.lang.Compiler.StaticMethodExpr.emit(C,FnExpr,GeneratorAdapter)"
"36868a7734f15c51eb1831aa9d72a14544496987";"COMMENT_DELETE";NA;"LINE_COMMENT";"false";"clojure.lang.Compiler.resolveSymbol(Symbol)"
"36868a7734f15c51eb1831aa9d72a14544496987";"ALTERNATIVE_PART_INSERT";NA;"ELSE_STATEMENT";"false";"clojure.lang.Compiler.resolveSymbol(Symbol)"
"36868a7734f15c51eb1831aa9d72a14544496987";"STATEMENT_DELETE";NA;"ASSIGNMENT";"false";"clojure.lang.Compiler.TryExpr.CatchClause.CatchClause(Class,LocalBinding,Expr)"
"36868a7734f15c51eb1831aa9d72a14544496987";"STATEMENT_DELETE";NA;"IF_STATEMENT";"false";"clojure.lang.Compiler.HostExpr.maybeClass(Object,boolean)"
"36868a7734f15c51eb1831aa9d72a14544496987";"STATEMENT_DELETE";NA;"RETURN_STATEMENT";"false";"clojure.lang.Namespace.unintern(Symbol)"
"36868a7734f15c51eb1831aa9d72a14544496987";"REMOVED_FUNCTIONALITY";NA;"METHOD";"false";"clojure.lang.Namespace"
"36868a7734f15c51eb1831aa9d72a14544496987";"STATEMENT_DELETE";NA;"ASSIGNMENT";"false";"clojure.lang.Compiler.ClassExpr.ClassExpr(Class)"
"36868a7734f15c51eb1831aa9d72a14544496987";"PARAMETER_DELETE";NA;"PARAMETER";"false";"clojure.lang.Compiler.InstanceExpr.InstanceExpr(Expr,Class)"
"36868a7734f15c51eb1831aa9d72a14544496987";"PARAMETER_DELETE";NA;"PARAMETER";"false";"clojure.lang.Compiler.ClassExpr.ClassExpr(Class)"
"36868a7734f15c51eb1831aa9d72a14544496987";"REMOVED_FUNCTIONALITY";NA;"METHOD";"false";"clojure.lang.Namespace"
"36868a7734f15c51eb1831aa9d72a14544496987";"STATEMENT_INSERT";NA;"IF_STATEMENT";"false";"clojure.lang.Compiler.HostExpr.maybeClass(Object,boolean)"
"36868a7734f15c51eb1831aa9d72a14544496987";"STATEMENT_DELETE";NA;"RETURN_STATEMENT";"false";"clojure.lang.Namespace.refer(Symbol,Var)"
"36868a7734f15c51eb1831aa9d72a14544496987";"STATEMENT_UPDATE";NA;"RETURN_STATEMENT";"false";"clojure.lang.Compiler.StaticFieldExpr.evalAssign(Expr)"
"36868a7734f15c51eb1831aa9d72a14544496987";"CONDITION_EXPRESSION_CHANGE";NA;"IF_STATEMENT";"false";"clojure.lang.Compiler.InstanceExpr.Parser.parse(C,Object)"
"36868a7734f15c51eb1831aa9d72a14544496987";"STATEMENT_DELETE";NA;"VARIABLE_DECLARATION_STATEMENT";"false";"clojure.lang.Compiler.resolveSymbol(Symbol)"
"36868a7734f15c51eb1831aa9d72a14544496987";"STATEMENT_UPDATE";NA;"RETURN_STATEMENT";"false";"clojure.lang.Compiler.resolveSymbol(Symbol)"
"36868a7734f15c51eb1831aa9d72a14544496987";"STATEMENT_DELETE";NA;"VARIABLE_DECLARATION_STATEMENT";"false";"clojure.lang.Compiler.StaticMethodExpr.emit(C,FnExpr,GeneratorAdapter)"
"36868a7734f15c51eb1831aa9d72a14544496987";"ADDITIONAL_OBJECT_STATE";NA;"FIELD";"false";"clojure.lang.Compiler.ClassExpr"
"36868a7734f15c51eb1831aa9d72a14544496987";"CONDITION_EXPRESSION_CHANGE";NA;"IF_STATEMENT";"false";"clojure.lang.Compiler.HostExpr.Parser.parse(C,Object)"
"36868a7734f15c51eb1831aa9d72a14544496987";"STATEMENT_INSERT";NA;"METHOD_INVOCATION";"false";"clojure.lang.Namespace.unintern(Symbol)"
"36868a7734f15c51eb1831aa9d72a14544496987";"STATEMENT_UPDATE";NA;"RETURN_STATEMENT";"false";"clojure.lang.Compiler.HostExpr.Parser.parse(C,Object)"
"36868a7734f15c51eb1831aa9d72a14544496987";"COMMENT_INSERT";NA;"LINE_COMMENT";"false";"clojure.lang.Compiler.main(String[])"
"36868a7734f15c51eb1831aa9d72a14544496987";"STATEMENT_DELETE";NA;"ASSIGNMENT";"false";"clojure.lang.Compiler.StaticMethodExpr.StaticMethodExpr(int,Class,String,IPersistentVector)"
"36868a7734f15c51eb1831aa9d72a14544496987";"STATEMENT_INSERT";NA;"VARIABLE_DECLARATION_STATEMENT";"false";"clojure.lang.Compiler.StaticMethodExpr.emit(C,FnExpr,GeneratorAdapter)"
"36868a7734f15c51eb1831aa9d72a14544496987";"STATEMENT_INSERT";NA;"RETURN_STATEMENT";"false";"clojure.lang.Compiler.NewExpr.getJavaClass()"
"36868a7734f15c51eb1831aa9d72a14544496987";"STATEMENT_DELETE";NA;"ASSIGNMENT";"false";"clojure.lang.Compiler.InstanceExpr.InstanceExpr(Expr,Class)"
"36868a7734f15c51eb1831aa9d72a14544496987";"PARAMETER_DELETE";NA;"PARAMETER";"false";"clojure.lang.Compiler.TryExpr.CatchClause.CatchClause(Class,LocalBinding,Expr)"
"36868a7734f15c51eb1831aa9d72a14544496987";"STATEMENT_DELETE";NA;"ASSIGNMENT";"false";"clojure.lang.Compiler.StaticFieldExpr.StaticFieldExpr(int,Class,String)"
"36868a7734f15c51eb1831aa9d72a14544496987";"CONDITION_EXPRESSION_CHANGE";NA;"IF_STATEMENT";"false";"clojure.lang.Compiler.TryExpr.Parser.parse(C,Object)"
"36868a7734f15c51eb1831aa9d72a14544496987";"STATEMENT_DELETE";NA;"VARIABLE_DECLARATION_STATEMENT";"false";"clojure.lang.Compiler.HostExpr.maybeClass(Object,boolean)"
"36868a7734f15c51eb1831aa9d72a14544496987";"STATEMENT_DELETE";NA;"IF_STATEMENT";"false";"clojure.lang.Compiler.HostExpr.maybeClass(Object,boolean)"
"36868a7734f15c51eb1831aa9d72a14544496987";"STATEMENT_DELETE";NA;"IF_STATEMENT";"false";"clojure.lang.Compiler.resolveSymbol(Symbol)"
"36868a7734f15c51eb1831aa9d72a14544496987";"STATEMENT_INSERT";NA;"ASSIGNMENT";"false";"clojure.lang.Compiler.NewExpr.NewExpr(Class,IPersistentVector,int)"
"36868a7734f15c51eb1831aa9d72a14544496987";"STATEMENT_UPDATE";NA;"METHOD_INVOCATION";"false";"clojure.lang.Compiler.NewExpr.NewExpr(Class,IPersistentVector,int)"
"36868a7734f15c51eb1831aa9d72a14544496987";"ALTERNATIVE_PART_INSERT";NA;"ELSE_STATEMENT";"false";"clojure.lang.Compiler.resolveSymbol(Symbol)"
"36868a7734f15c51eb1831aa9d72a14544496987";"STATEMENT_DELETE";NA;"RETURN_STATEMENT";"false";"clojure.lang.Compiler.resolveSymbol(Symbol)"
"36868a7734f15c51eb1831aa9d72a14544496987";"STATEMENT_INSERT";NA;"RETURN_STATEMENT";"false";"clojure.lang.Compiler.HostExpr.maybeClass(Object,boolean)"
"36868a7734f15c51eb1831aa9d72a14544496987";"STATEMENT_UPDATE";NA;"ASSIGNMENT";"false";"clojure.lang.Compiler.TryExpr.Parser.parse(C,Object)"
"36868a7734f15c51eb1831aa9d72a14544496987";"STATEMENT_DELETE";NA;"VARIABLE_DECLARATION_STATEMENT";"false";"clojure.lang.Compiler.resolveSymbol(Symbol)"
"36868a7734f15c51eb1831aa9d72a14544496987";"STATEMENT_DELETE";NA;"IF_STATEMENT";"false";"clojure.lang.Compiler.resolveSymbol(Symbol)"
"36868a7734f15c51eb1831aa9d72a14544496987";"STATEMENT_DELETE";NA;"RETURN_STATEMENT";"false";"clojure.lang.Compiler.NewExpr.getJavaClass()"
"36868a7734f15c51eb1831aa9d72a14544496987";"STATEMENT_INSERT";NA;"VARIABLE_DECLARATION_STATEMENT";"false";"clojure.lang.Compiler.HostExpr.maybeClass(Object,boolean)"
"36868a7734f15c51eb1831aa9d72a14544496987";"ADDITIONAL_OBJECT_STATE";NA;"FIELD";"false";"clojure.lang.Compiler.InstanceExpr"
"36868a7734f15c51eb1831aa9d72a14544496987";"STATEMENT_INSERT";NA;"ASSIGNMENT";"false";"clojure.lang.Compiler.StaticMethodExpr.StaticMethodExpr(int,Class,String,IPersistentVector)"
"36868a7734f15c51eb1831aa9d72a14544496987";"STATEMENT_UPDATE";NA;"METHOD_INVOCATION";"false";"clojure.lang.Repl.main(String[])"
"36868a7734f15c51eb1831aa9d72a14544496987";"STATEMENT_INSERT";NA;"VARIABLE_DECLARATION_STATEMENT";"false";"clojure.lang.Compiler.resolveSymbol(Symbol)"
"36868a7734f15c51eb1831aa9d72a14544496987";"REMOVED_OBJECT_STATE";NA;"FIELD";"false";"clojure.lang.Compiler.ClassExpr"
"36868a7734f15c51eb1831aa9d72a14544496987";"STATEMENT_UPDATE";NA;"RETURN_STATEMENT";"false";"clojure.lang.Compiler.NewExpr.eval()"
"36868a7734f15c51eb1831aa9d72a14544496987";"STATEMENT_INSERT";NA;"ASSIGNMENT";"false";"clojure.lang.Compiler.HostExpr.maybeClass(Object,boolean)"
"36868a7734f15c51eb1831aa9d72a14544496987";"STATEMENT_INSERT";NA;"IF_STATEMENT";"false";"clojure.lang.Compiler.resolveSymbol(Symbol)"
"36868a7734f15c51eb1831aa9d72a14544496987";"REMOVED_OBJECT_STATE";NA;"FIELD";"false";"clojure.lang.Compiler.StaticFieldExpr"
"36868a7734f15c51eb1831aa9d72a14544496987";"STATEMENT_PARENT_CHANGE";NA;"RETURN_STATEMENT";"false";"clojure.lang.Compiler.resolveSymbol(Symbol)"
"36868a7734f15c51eb1831aa9d72a14544496987";"CONDITION_EXPRESSION_CHANGE";NA;"IF_STATEMENT";"false";"clojure.lang.Compiler.HostExpr.Parser.parse(C,Object)"
"36868a7734f15c51eb1831aa9d72a14544496987";"PARAMETER_DELETE";NA;"PARAMETER";"false";"clojure.lang.Compiler.StaticFieldExpr.StaticFieldExpr(int,Class,String)"
"36868a7734f15c51eb1831aa9d72a14544496987";"PARAMETER_INSERT";NA;"PARAMETER";"false";"clojure.lang.Compiler.InstanceExpr.InstanceExpr(Expr,Class)"
"36868a7734f15c51eb1831aa9d72a14544496987";"STATEMENT_UPDATE";NA;"METHOD_INVOCATION";"false";"clojure.lang.Compiler.NewExpr.emit(C,FnExpr,GeneratorAdapter)"
"36868a7734f15c51eb1831aa9d72a14544496987";"STATEMENT_INSERT";NA;"RETURN_STATEMENT";"false";"clojure.lang.Compiler.resolveSymbol(Symbol)"
"36868a7734f15c51eb1831aa9d72a14544496987";"STATEMENT_UPDATE";NA;"METHOD_INVOCATION";"false";"clojure.lang.Compiler.load(Reader)"
"36868a7734f15c51eb1831aa9d72a14544496987";"STATEMENT_DELETE";NA;"VARIABLE_DECLARATION_STATEMENT";"false";"clojure.lang.Compiler.HostExpr.maybeClass(Object,boolean)"
"36868a7734f15c51eb1831aa9d72a14544496987";"COMMENT_INSERT";NA;"LINE_COMMENT";"false";"clojure.lang.Repl.main(String[])"
"36868a7734f15c51eb1831aa9d72a14544496987";"COMMENT_DELETE";NA;"LINE_COMMENT";"false";"clojure.lang.Compiler.resolveSymbol(Symbol)"
"36868a7734f15c51eb1831aa9d72a14544496987";"PARAMETER_INSERT";NA;"PARAMETER";"false";"clojure.lang.Compiler.ClassExpr.ClassExpr(Class)"
"36868a7734f15c51eb1831aa9d72a14544496987";"STATEMENT_INSERT";NA;"ASSIGNMENT";"false";"clojure.lang.Compiler.StaticFieldExpr.StaticFieldExpr(int,Class,String)"
"36868a7734f15c51eb1831aa9d72a14544496987";"PARAMETER_DELETE";NA;"PARAMETER";"false";"clojure.lang.Compiler.NewExpr.NewExpr(Class,IPersistentVector,int)"
"36868a7734f15c51eb1831aa9d72a14544496987";"STATEMENT_UPDATE";NA;"VARIABLE_DECLARATION_STATEMENT";"false";"clojure.lang.Compiler.StaticMethodExpr.StaticMethodExpr(int,Class,String,IPersistentVector)"
"36868a7734f15c51eb1831aa9d72a14544496987";"STATEMENT_UPDATE";NA;"RETURN_STATEMENT";"false";"clojure.lang.Compiler.HostExpr.Parser.parse(C,Object)"
"36868a7734f15c51eb1831aa9d72a14544496987";"REMOVED_OBJECT_STATE";NA;"FIELD";"false";"clojure.lang.RT"
"36868a7734f15c51eb1831aa9d72a14544496987";"STATEMENT_UPDATE";NA;"RETURN_STATEMENT";"false";"clojure.lang.Compiler.StaticFieldExpr.eval()"
"36868a7734f15c51eb1831aa9d72a14544496987";"PARAMETER_INSERT";NA;"PARAMETER";"false";"clojure.lang.Compiler.StaticFieldExpr.StaticFieldExpr(int,Class,String)"
"36868a7734f15c51eb1831aa9d72a14544496987";"CONDITION_EXPRESSION_CHANGE";NA;"IF_STATEMENT";"false";"clojure.lang.Compiler.HostExpr.Parser.parse(C,Object)"
"36868a7734f15c51eb1831aa9d72a14544496987";"ALTERNATIVE_PART_INSERT";NA;"ELSE_STATEMENT";"false";"clojure.lang.Compiler.HostExpr.maybeClass(Object,boolean)"
"36868a7734f15c51eb1831aa9d72a14544496987";"STATEMENT_DELETE";NA;"ASSIGNMENT";"false";"clojure.lang.Compiler.NewExpr.NewExpr(Class,IPersistentVector,int)"
"36868a7734f15c51eb1831aa9d72a14544496987";"STATEMENT_UPDATE";NA;"RETURN_STATEMENT";"false";"clojure.lang.Compiler.StaticMethodExpr.eval()"
"36868a7734f15c51eb1831aa9d72a14544496987";"STATEMENT_UPDATE";NA;"METHOD_INVOCATION";"false";"clojure.lang.Compiler.main(String[])"
"36868a7734f15c51eb1831aa9d72a14544496987";"STATEMENT_UPDATE";NA;"RETURN_STATEMENT";"false";"clojure.lang.Compiler.InstanceExpr.Parser.parse(C,Object)"
"36868a7734f15c51eb1831aa9d72a14544496987";"STATEMENT_INSERT";NA;"IF_STATEMENT";"false";"clojure.lang.Compiler.resolveSymbol(Symbol)"
"36868a7734f15c51eb1831aa9d72a14544496987";"STATEMENT_DELETE";NA;"RETURN_STATEMENT";"false";"clojure.lang.Compiler.HostExpr.tagToClass(Symbol)"
"36868a7734f15c51eb1831aa9d72a14544496987";"STATEMENT_DELETE";NA;"ASSIGNMENT";"false";"clojure.lang.Compiler.NewExpr.NewExpr(Class,IPersistentVector,int)"
"36868a7734f15c51eb1831aa9d72a14544496987";"STATEMENT_INSERT";NA;"RETURN_STATEMENT";"false";"clojure.lang.Compiler.resolveSymbol(Symbol)"
"36868a7734f15c51eb1831aa9d72a14544496987";"CONDITION_EXPRESSION_CHANGE";NA;"IF_STATEMENT";"false";"clojure.lang.Compiler.NewExpr.Parser.parse(C,Object)"
"36868a7734f15c51eb1831aa9d72a14544496987";"STATEMENT_DELETE";NA;"ASSIGNMENT";"false";"clojure.lang.Compiler.HostExpr.maybeClass(Object,boolean)"
"36868a7734f15c51eb1831aa9d72a14544496987";"PARAMETER_INSERT";NA;"PARAMETER";"false";"clojure.lang.Compiler.NewExpr.NewExpr(Class,IPersistentVector,int)"
"36868a7734f15c51eb1831aa9d72a14544496987";"STATEMENT_DELETE";NA;"VARIABLE_DECLARATION_STATEMENT";"false";"clojure.lang.Compiler.resolveSymbol(Symbol)"
"36868a7734f15c51eb1831aa9d72a14544496987";"STATEMENT_INSERT";NA;"VARIABLE_DECLARATION_STATEMENT";"false";"clojure.lang.Compiler.HostExpr.maybeClass(Object,boolean)"
"36868a7734f15c51eb1831aa9d72a14544496987";"REMOVED_OBJECT_STATE";NA;"FIELD";"false";"clojure.lang.Compiler.TryExpr.CatchClause"
"36868a7734f15c51eb1831aa9d72a14544496987";"STATEMENT_INSERT";NA;"WHILE_STATEMENT";"false";"clojure.lang.Namespace.unintern(Symbol)"
"36868a7734f15c51eb1831aa9d72a14544496987";"RETURN_TYPE_DELETE";NA;"SINGLE_TYPE";"false";"clojure.lang.Namespace.unintern(Symbol)"
"36868a7734f15c51eb1831aa9d72a14544496987";"CONDITION_EXPRESSION_CHANGE";NA;"IF_STATEMENT";"false";"clojure.lang.Compiler.ClassExpr.Parser.parse(C,Object)"
"36868a7734f15c51eb1831aa9d72a14544496987";"STATEMENT_UPDATE";NA;"METHOD_INVOCATION";"false";"clojure.lang.Compiler.InstanceExpr.emit(C,FnExpr,GeneratorAdapter)"
"36868a7734f15c51eb1831aa9d72a14544496987";"STATEMENT_INSERT";NA;"ASSIGNMENT";"false";"clojure.lang.Compiler.TryExpr.CatchClause.CatchClause(Class,LocalBinding,Expr)"
"36868a7734f15c51eb1831aa9d72a14544496987";"STATEMENT_UPDATE";NA;"METHOD_INVOCATION";"false";"clojure.lang.Compiler.ClassExpr.emit(C,FnExpr,GeneratorAdapter)"
"36868a7734f15c51eb1831aa9d72a14544496987";"STATEMENT_INSERT";NA;"ASSIGNMENT";"false";"clojure.lang.Namespace.unintern(Symbol)"
"36868a7734f15c51eb1831aa9d72a14544496987";"ALTERNATIVE_PART_DELETE";NA;"ELSE_STATEMENT";"false";"clojure.lang.Compiler.HostExpr.maybeClass(Object,boolean)"
"36868a7734f15c51eb1831aa9d72a14544496987";"STATEMENT_INSERT";NA;"IF_STATEMENT";"false";"clojure.lang.Compiler.HostExpr.maybeClass(Object,boolean)"
"36868a7734f15c51eb1831aa9d72a14544496987";"STATEMENT_INSERT";NA;"IF_STATEMENT";"false";"clojure.lang.Compiler.resolveSymbol(Symbol)"
"36868a7734f15c51eb1831aa9d72a14544496987";"STATEMENT_UPDATE";NA;"METHOD_INVOCATION";"false";"clojure.lang.Compiler.TryExpr.emit(C,FnExpr,GeneratorAdapter)"
"36868a7734f15c51eb1831aa9d72a14544496987";"STATEMENT_INSERT";NA;"VARIABLE_DECLARATION_STATEMENT";"false";"clojure.lang.Namespace.unintern(Symbol)"
"36868a7734f15c51eb1831aa9d72a14544496987";"DECREASING_ACCESSIBILITY_CHANGE";NA;"MODIFIER";"false";"clojure.lang.Namespace.unintern(Symbol)"
"36868a7734f15c51eb1831aa9d72a14544496987";"STATEMENT_DELETE";NA;"VARIABLE_DECLARATION_STATEMENT";"false";"clojure.lang.Compiler.resolveSymbol(Symbol)"
"36868a7734f15c51eb1831aa9d72a14544496987";"RETURN_TYPE_CHANGE";NA;"SINGLE_TYPE";"false";"clojure.lang.Compiler.HostExpr.maybeClass(Object,boolean)"
"36868a7734f15c51eb1831aa9d72a14544496987";"STATEMENT_INSERT";NA;"ASSIGNMENT";"false";"clojure.lang.Compiler.ClassExpr.ClassExpr(Class)"
"36868a7734f15c51eb1831aa9d72a14544496987";"ADDITIONAL_OBJECT_STATE";NA;"FIELD";"false";"clojure.lang.Compiler.TryExpr.CatchClause"
"36868a7734f15c51eb1831aa9d72a14544496987";"STATEMENT_UPDATE";NA;"RETURN_STATEMENT";"false";"clojure.lang.Compiler.ClassExpr.Parser.parse(C,Object)"
"36868a7734f15c51eb1831aa9d72a14544496987";"STATEMENT_DELETE";NA;"RETURN_STATEMENT";"false";"clojure.lang.Compiler.ClassExpr.eval()"
"36868a7734f15c51eb1831aa9d72a14544496987";"REMOVED_OBJECT_STATE";NA;"FIELD";"false";"clojure.lang.Compiler.StaticMethodExpr"
"36868a7734f15c51eb1831aa9d72a14544496987";"STATEMENT_ORDERING_CHANGE";NA;"ASSIGNMENT";"false";"clojure.lang.Namespace.intern(Symbol)"
"36868a7734f15c51eb1831aa9d72a14544496987";"STATEMENT_INSERT";NA;"RETURN_STATEMENT";"false";"clojure.lang.Namespace.importClass(Symbol,Class)"
"36868a7734f15c51eb1831aa9d72a14544496987";"ADDITIONAL_OBJECT_STATE";NA;"FIELD";"false";"clojure.lang.Compiler.StaticMethodExpr"
"36868a7734f15c51eb1831aa9d72a14544496987";"STATEMENT_INSERT";NA;"THROW_STATEMENT";"false";"clojure.lang.Namespace.unintern(Symbol)"
"36868a7734f15c51eb1831aa9d72a14544496987";"STATEMENT_UPDATE";NA;"RETURN_STATEMENT";"false";"clojure.lang.Compiler.InstanceExpr.eval()"
"36868a7734f15c51eb1831aa9d72a14544496987";"STATEMENT_INSERT";NA;"ASSIGNMENT";"false";"clojure.lang.Compiler.InstanceExpr.InstanceExpr(Expr,Class)"
"36868a7734f15c51eb1831aa9d72a14544496987";"STATEMENT_INSERT";NA;"RETURN_STATEMENT";"false";"clojure.lang.Compiler.ClassExpr.eval()"
"36868a7734f15c51eb1831aa9d72a14544496987";"STATEMENT_DELETE";NA;"RETURN_STATEMENT";"false";"clojure.lang.Namespace.importClass(Symbol,Class)"
"36868a7734f15c51eb1831aa9d72a14544496987";"REMOVED_OBJECT_STATE";NA;"FIELD";"false";"clojure.lang.Compiler.InstanceExpr"
"36868a7734f15c51eb1831aa9d72a14544496987";"REMOVED_OBJECT_STATE";NA;"FIELD";"false";"clojure.lang.Compiler.NewExpr"
"36868a7734f15c51eb1831aa9d72a14544496987";"COMMENT_INSERT";NA;"LINE_COMMENT";"false";"clojure.lang.Compiler.load(Reader)"
"df498fe4972a46a89cf06248af1712bae5d4a83a";"STATEMENT_UPDATE";NA;"METHOD_INVOCATION";"false";"clojure.lang.Compiler.main(String[])"
"df498fe4972a46a89cf06248af1712bae5d4a83a";"STATEMENT_DELETE";NA;"VARIABLE_DECLARATION_STATEMENT";"false";"clojure.lang.Var.intern(Namespace,Symbol,Object,boolean)"
"df498fe4972a46a89cf06248af1712bae5d4a83a";"STATEMENT_UPDATE";NA;"RETURN_STATEMENT";"false";"clojure.lang.Compiler.currentNS()"
"df498fe4972a46a89cf06248af1712bae5d4a83a";"STATEMENT_UPDATE";NA;"CONSTRUCTOR_INVOCATION";"false";"clojure.lang.Var.Var(Namespace,Symbol,Object)"
"df498fe4972a46a89cf06248af1712bae5d4a83a";"STATEMENT_UPDATE";NA;"RETURN_STATEMENT";"false";"clojure.lang.Compiler.resolveSymbol(Symbol)"
"df498fe4972a46a89cf06248af1712bae5d4a83a";"ADDITIONAL_OBJECT_STATE";NA;"FIELD";"false";"clojure.lang.RT"
"df498fe4972a46a89cf06248af1712bae5d4a83a";"RETURN_TYPE_CHANGE";NA;"SINGLE_TYPE";"false";"clojure.lang.Compiler.currentNS()"
"df498fe4972a46a89cf06248af1712bae5d4a83a";"STATEMENT_DELETE";NA;"ASSIGNMENT";"false";"clojure.lang.Var.intern(Namespace,Symbol,Object,boolean)"
"df498fe4972a46a89cf06248af1712bae5d4a83a";"STATEMENT_DELETE";NA;"ASSIGNMENT";"false";"clojure.lang.Var.intern(Namespace,Symbol,Object,boolean)"
"df498fe4972a46a89cf06248af1712bae5d4a83a";"STATEMENT_DELETE";NA;"IF_STATEMENT";"false";"clojure.lang.Var.intern(Namespace,Symbol,Object,boolean)"
"df498fe4972a46a89cf06248af1712bae5d4a83a";"STATEMENT_UPDATE";NA;"RETURN_STATEMENT";"false";"clojure.lang.Var.create(Object)"
"df498fe4972a46a89cf06248af1712bae5d4a83a";"STATEMENT_UPDATE";NA;"METHOD_INVOCATION";"false";"clojure.lang.Compiler.load(Reader)"
"df498fe4972a46a89cf06248af1712bae5d4a83a";"PARAMETER_INSERT";NA;"PARAMETER";"false";"clojure.lang.Var.Var(Namespace,Symbol,Object)"
"df498fe4972a46a89cf06248af1712bae5d4a83a";"INCREASING_ACCESSIBILITY_CHANGE";NA;"MODIFIER";"false";"clojure.lang.Var.Var(Namespace,Symbol)"
"df498fe4972a46a89cf06248af1712bae5d4a83a";"REMOVED_FUNCTIONALITY";NA;"METHOD";"false";"clojure.lang.Var"
"df498fe4972a46a89cf06248af1712bae5d4a83a";"PARAMETER_INSERT";NA;"PARAMETER";"false";"clojure.lang.Var.find(Symbol)"
"df498fe4972a46a89cf06248af1712bae5d4a83a";"PARAMETER_INSERT";NA;"PARAMETER";"false";"clojure.lang.Var.intern(Namespace,Symbol,Object)"
"df498fe4972a46a89cf06248af1712bae5d4a83a";"STATEMENT_UPDATE";NA;"METHOD_INVOCATION";"false";"clojure.lang.Repl.main(String[])"
"df498fe4972a46a89cf06248af1712bae5d4a83a";"REMOVED_FUNCTIONALITY";NA;"METHOD";"false";"clojure.lang.Var"
"df498fe4972a46a89cf06248af1712bae5d4a83a";"STATEMENT_INSERT";NA;"ASSIGNMENT";"false";"clojure.lang.Var.Var(Namespace,Symbol)"
"df498fe4972a46a89cf06248af1712bae5d4a83a";"STATEMENT_DELETE";NA;"RETURN_STATEMENT";"false";"clojure.lang.Var.find(Symbol)"
"df498fe4972a46a89cf06248af1712bae5d4a83a";"ATTRIBUTE_RENAMING";NA;"FIELD";"false";"clojure.lang.RT.CURRENT_NS : Var"
"df498fe4972a46a89cf06248af1712bae5d4a83a";"STATEMENT_DELETE";NA;"ASSIGNMENT";"false";"clojure.lang.Var.intern(Namespace,Symbol,Object,boolean)"
"df498fe4972a46a89cf06248af1712bae5d4a83a";"PARAMETER_DELETE";NA;"PARAMETER";"false";"clojure.lang.Var.find(Symbol)"
"df498fe4972a46a89cf06248af1712bae5d4a83a";"STATEMENT_UPDATE";NA;"RETURN_STATEMENT";"false";"clojure.lang.Var.intern(Namespace,Symbol,Object)"
"df498fe4972a46a89cf06248af1712bae5d4a83a";"CONDITION_EXPRESSION_CHANGE";NA;"IF_STATEMENT";"false";"clojure.lang.Compiler.DefExpr.Parser.parse(C,Object)"
"df498fe4972a46a89cf06248af1712bae5d4a83a";"STATEMENT_DELETE";NA;"VARIABLE_DECLARATION_STATEMENT";"false";"clojure.lang.Var.intern(Namespace,Symbol,Object,boolean)"
"df498fe4972a46a89cf06248af1712bae5d4a83a";"STATEMENT_INSERT";NA;"RETURN_STATEMENT";"false";"clojure.lang.Var.find(Symbol)"
"df498fe4972a46a89cf06248af1712bae5d4a83a";"INCREASING_ACCESSIBILITY_CHANGE";NA;"MODIFIER";"false";"clojure.lang.Var.Var(Namespace,Symbol,Object)"
"df498fe4972a46a89cf06248af1712bae5d4a83a";"PARAMETER_INSERT";NA;"PARAMETER";"false";"clojure.lang.Var.intern(Namespace,Symbol,Object,boolean)"
"df498fe4972a46a89cf06248af1712bae5d4a83a";"STATEMENT_DELETE";NA;"VARIABLE_DECLARATION_STATEMENT";"false";"clojure.lang.Var.intern(Namespace,Symbol,Object,boolean)"
"df498fe4972a46a89cf06248af1712bae5d4a83a";"STATEMENT_UPDATE";NA;"RETURN_STATEMENT";"false";"clojure.lang.Var.create()"
"df498fe4972a46a89cf06248af1712bae5d4a83a";"STATEMENT_DELETE";NA;"IF_STATEMENT";"false";"clojure.lang.Var.intern(Namespace,Symbol,Object,boolean)"
"df498fe4972a46a89cf06248af1712bae5d4a83a";"STATEMENT_UPDATE";NA;"VARIABLE_DECLARATION_STATEMENT";"false";"clojure.lang.Compiler.FnExpr.parse(C,ISeq,String)"
"df498fe4972a46a89cf06248af1712bae5d4a83a";"PARAMETER_INSERT";NA;"PARAMETER";"false";"clojure.lang.Var.Var(Namespace,Symbol)"
"df498fe4972a46a89cf06248af1712bae5d4a83a";"CONDITION_EXPRESSION_CHANGE";NA;"IF_STATEMENT";"false";"clojure.lang.Var.intern(Namespace,Symbol,Object,boolean)"
"df498fe4972a46a89cf06248af1712bae5d4a83a";"ADDITIONAL_OBJECT_STATE";NA;"FIELD";"false";"clojure.lang.RT"
"df498fe4972a46a89cf06248af1712bae5d4a83a";"STATEMENT_UPDATE";NA;"VARIABLE_DECLARATION_STATEMENT";"false";"clojure.lang.Var.intern(Namespace,Symbol,Object,boolean)"
"df498fe4972a46a89cf06248af1712bae5d4a83a";"ADDITIONAL_OBJECT_STATE";NA;"FIELD";"false";"clojure.lang.Var"
"df498fe4972a46a89cf06248af1712bae5d4a83a";"ADDITIONAL_CLASS";NA;"CLASS";"false";NA
"dca114e71248ddd7a172e38ff6dc9956db09c6cf";"ADDITIONAL_FUNCTIONALITY";NA;"METHOD";"false";"clojure.lang.Var"
"dca114e71248ddd7a172e38ff6dc9956db09c6cf";"REMOVED_FUNCTIONALITY";NA;"METHOD";"false";"clojure.lang.Var"
"368c7989e33ecb50b59de48a71fe3c96c6b0c483";"STATEMENT_PARENT_CHANGE";NA;"IF_STATEMENT";"false";"clojure.lang.Reflector.paramArgTypeMatch(Class,Class)"
"368c7989e33ecb50b59de48a71fe3c96c6b0c483";"STATEMENT_UPDATE";NA;"ASSIGNMENT";"false";"clojure.lang.Compiler.NewExpr.NewExpr(String,IPersistentVector)"
"368c7989e33ecb50b59de48a71fe3c96c6b0c483";"STATEMENT_INSERT";NA;"IF_STATEMENT";"false";"clojure.lang.Compiler.InstanceMethodExpr.InstanceMethodExpr(int,Expr,String,IPersistentVector)"
"368c7989e33ecb50b59de48a71fe3c96c6b0c483";"PARAMETER_RENAMING";NA;"PARAMETER";"false";"clojure.lang.Reflector.paramArgTypeMatch(Class,Class)"
"368c7989e33ecb50b59de48a71fe3c96c6b0c483";"STATEMENT_UPDATE";NA;"RETURN_STATEMENT";"false";"clojure.lang.Reflector.paramArgTypeMatch(Class,Class)"
"368c7989e33ecb50b59de48a71fe3c96c6b0c483";"STATEMENT_UPDATE";NA;"RETURN_STATEMENT";"false";"clojure.lang.Reflector.paramArgTypeMatch(Class,Class)"
"368c7989e33ecb50b59de48a71fe3c96c6b0c483";"STATEMENT_INSERT";NA;"METHOD_INVOCATION";"false";"clojure.lang.Compiler.NewExpr.NewExpr(String,IPersistentVector)"
"368c7989e33ecb50b59de48a71fe3c96c6b0c483";"STATEMENT_INSERT";NA;"VARIABLE_DECLARATION_STATEMENT";"false";"clojure.lang.Compiler.StaticMethodExpr.StaticMethodExpr(int,String,String,IPersistentVector)"
"368c7989e33ecb50b59de48a71fe3c96c6b0c483";"STATEMENT_INSERT";NA;"IF_STATEMENT";"false";"clojure.lang.Reflector.paramArgTypeMatch(Class,Class)"
"368c7989e33ecb50b59de48a71fe3c96c6b0c483";"STATEMENT_UPDATE";NA;"ASSIGNMENT";"false";"clojure.lang.Compiler.StaticMethodExpr.StaticMethodExpr(int,String,String,IPersistentVector)"
"368c7989e33ecb50b59de48a71fe3c96c6b0c483";"STATEMENT_INSERT";NA;"VARIABLE_DECLARATION_STATEMENT";"false";"clojure.lang.Compiler.StaticMethodExpr.StaticMethodExpr(int,String,String,IPersistentVector)"
"368c7989e33ecb50b59de48a71fe3c96c6b0c483";"STATEMENT_UPDATE";NA;"RETURN_STATEMENT";"false";"clojure.lang.Reflector.paramArgTypeMatch(Class,Class)"
"368c7989e33ecb50b59de48a71fe3c96c6b0c483";"STATEMENT_INSERT";NA;"ASSIGNMENT";"false";"clojure.lang.Compiler.InstanceMethodExpr.InstanceMethodExpr(int,Expr,String,IPersistentVector)"
"368c7989e33ecb50b59de48a71fe3c96c6b0c483";"ALTERNATIVE_PART_INSERT";NA;"ELSE_STATEMENT";"false";"clojure.lang.Reflector.paramArgTypeMatch(Class,Class)"
"368c7989e33ecb50b59de48a71fe3c96c6b0c483";"CONDITION_EXPRESSION_CHANGE";NA;"IF_STATEMENT";"false";"clojure.lang.Reflector.paramArgTypeMatch(Class,Class)"
"368c7989e33ecb50b59de48a71fe3c96c6b0c483";"STATEMENT_INSERT";NA;"POSTFIX_EXPRESSION";"false";"clojure.lang.Compiler.InstanceMethodExpr.InstanceMethodExpr(int,Expr,String,IPersistentVector)"
"368c7989e33ecb50b59de48a71fe3c96c6b0c483";"CONDITION_EXPRESSION_CHANGE";NA;"IF_STATEMENT";"false";"clojure.lang.Reflector.paramArgTypeMatch(Class,Class)"
"368c7989e33ecb50b59de48a71fe3c96c6b0c483";"CONDITION_EXPRESSION_CHANGE";NA;"IF_STATEMENT";"false";"clojure.lang.Reflector.paramArgTypeMatch(Class,Class)"
"368c7989e33ecb50b59de48a71fe3c96c6b0c483";"STATEMENT_INSERT";NA;"IF_STATEMENT";"false";"clojure.lang.Reflector.paramArgTypeMatch(Class,Class)"
"368c7989e33ecb50b59de48a71fe3c96c6b0c483";"STATEMENT_INSERT";NA;"RETURN_STATEMENT";"false";"clojure.lang.Reflector.paramArgTypeMatch(Class,Class)"
"368c7989e33ecb50b59de48a71fe3c96c6b0c483";"CONDITION_EXPRESSION_CHANGE";NA;"IF_STATEMENT";"false";"clojure.lang.Reflector.paramArgTypeMatch(Class,Class)"
"368c7989e33ecb50b59de48a71fe3c96c6b0c483";"STATEMENT_INSERT";NA;"IF_STATEMENT";"false";"clojure.lang.Compiler.NewExpr.NewExpr(String,IPersistentVector)"
"368c7989e33ecb50b59de48a71fe3c96c6b0c483";"CONDITION_EXPRESSION_CHANGE";NA;"IF_STATEMENT";"false";"clojure.lang.Reflector.paramArgTypeMatch(Class,Class)"
"368c7989e33ecb50b59de48a71fe3c96c6b0c483";"STATEMENT_INSERT";NA;"POSTFIX_EXPRESSION";"false";"clojure.lang.Compiler.StaticMethodExpr.StaticMethodExpr(int,String,String,IPersistentVector)"
"368c7989e33ecb50b59de48a71fe3c96c6b0c483";"STATEMENT_INSERT";NA;"VARIABLE_DECLARATION_STATEMENT";"false";"clojure.lang.Compiler.NewExpr.NewExpr(String,IPersistentVector)"
"368c7989e33ecb50b59de48a71fe3c96c6b0c483";"STATEMENT_INSERT";NA;"RETURN_STATEMENT";"false";"clojure.lang.Reflector.paramArgTypeMatch(Class,Class)"
"368c7989e33ecb50b59de48a71fe3c96c6b0c483";"STATEMENT_UPDATE";NA;"RETURN_STATEMENT";"false";"clojure.lang.Reflector.paramArgTypeMatch(Class,Class)"
"368c7989e33ecb50b59de48a71fe3c96c6b0c483";"STATEMENT_INSERT";NA;"VARIABLE_DECLARATION_STATEMENT";"false";"clojure.lang.Compiler.NewExpr.NewExpr(String,IPersistentVector)"
"368c7989e33ecb50b59de48a71fe3c96c6b0c483";"STATEMENT_INSERT";NA;"VARIABLE_DECLARATION_STATEMENT";"false";"clojure.lang.Compiler.StaticMethodExpr.StaticMethodExpr(int,String,String,IPersistentVector)"
"368c7989e33ecb50b59de48a71fe3c96c6b0c483";"STATEMENT_INSERT";NA;"ASSIGNMENT";"false";"clojure.lang.Compiler.NewExpr.NewExpr(String,IPersistentVector)"
"368c7989e33ecb50b59de48a71fe3c96c6b0c483";"STATEMENT_INSERT";NA;"ASSIGNMENT";"false";"clojure.lang.Compiler.StaticMethodExpr.StaticMethodExpr(int,String,String,IPersistentVector)"
"368c7989e33ecb50b59de48a71fe3c96c6b0c483";"STATEMENT_INSERT";NA;"METHOD_INVOCATION";"false";"clojure.lang.Compiler.StaticMethodExpr.StaticMethodExpr(int,String,String,IPersistentVector)"
"368c7989e33ecb50b59de48a71fe3c96c6b0c483";"PARAMETER_RENAMING";NA;"PARAMETER";"false";"clojure.lang.Reflector.paramArgTypeMatch(Class,Class)"
"368c7989e33ecb50b59de48a71fe3c96c6b0c483";"STATEMENT_INSERT";NA;"VARIABLE_DECLARATION_STATEMENT";"false";"clojure.lang.Compiler.InstanceMethodExpr.InstanceMethodExpr(int,Expr,String,IPersistentVector)"
"368c7989e33ecb50b59de48a71fe3c96c6b0c483";"STATEMENT_INSERT";NA;"IF_STATEMENT";"false";"clojure.lang.Compiler.StaticMethodExpr.StaticMethodExpr(int,String,String,IPersistentVector)"
"368c7989e33ecb50b59de48a71fe3c96c6b0c483";"STATEMENT_UPDATE";NA;"RETURN_STATEMENT";"false";"clojure.lang.Reflector.paramArgTypeMatch(Class,Class)"
"368c7989e33ecb50b59de48a71fe3c96c6b0c483";"STATEMENT_UPDATE";NA;"RETURN_STATEMENT";"false";"clojure.lang.Reflector.paramArgTypeMatch(Class,Class)"
"368c7989e33ecb50b59de48a71fe3c96c6b0c483";"STATEMENT_INSERT";NA;"FOR_STATEMENT";"false";"clojure.lang.Compiler.StaticMethodExpr.StaticMethodExpr(int,String,String,IPersistentVector)"
"368c7989e33ecb50b59de48a71fe3c96c6b0c483";"ADDITIONAL_FUNCTIONALITY";NA;"METHOD";"false";"clojure.lang.Compiler"
"368c7989e33ecb50b59de48a71fe3c96c6b0c483";"STATEMENT_UPDATE";NA;"ASSIGNMENT";"false";"clojure.lang.Compiler.InstanceMethodExpr.InstanceMethodExpr(int,Expr,String,IPersistentVector)"
"368c7989e33ecb50b59de48a71fe3c96c6b0c483";"ADDITIONAL_OBJECT_STATE";NA;"FIELD";"false";"clojure.lang.Compiler"
"368c7989e33ecb50b59de48a71fe3c96c6b0c483";"STATEMENT_UPDATE";NA;"VARIABLE_DECLARATION_STATEMENT";"false";"clojure.lang.Compiler.FnMethod.parse(FnExpr,ISeq)"
"368c7989e33ecb50b59de48a71fe3c96c6b0c483";"STATEMENT_INSERT";NA;"VARIABLE_DECLARATION_STATEMENT";"false";"clojure.lang.Compiler.InstanceMethodExpr.InstanceMethodExpr(int,Expr,String,IPersistentVector)"
"368c7989e33ecb50b59de48a71fe3c96c6b0c483";"STATEMENT_INSERT";NA;"VARIABLE_DECLARATION_STATEMENT";"false";"clojure.lang.Compiler.InstanceMethodExpr.InstanceMethodExpr(int,Expr,String,IPersistentVector)"
"368c7989e33ecb50b59de48a71fe3c96c6b0c483";"STATEMENT_UPDATE";NA;"RETURN_STATEMENT";"false";"clojure.lang.Reflector.paramArgTypeMatch(Class,Class)"
"368c7989e33ecb50b59de48a71fe3c96c6b0c483";"STATEMENT_INSERT";NA;"FOR_STATEMENT";"false";"clojure.lang.Compiler.InstanceMethodExpr.InstanceMethodExpr(int,Expr,String,IPersistentVector)"
"368c7989e33ecb50b59de48a71fe3c96c6b0c483";"CONDITION_EXPRESSION_CHANGE";NA;"IF_STATEMENT";"false";"clojure.lang.Reflector.paramArgTypeMatch(Class,Class)"
"368c7989e33ecb50b59de48a71fe3c96c6b0c483";"CONDITION_EXPRESSION_CHANGE";NA;"IF_STATEMENT";"false";"clojure.lang.Reflector.paramArgTypeMatch(Class,Class)"
"368c7989e33ecb50b59de48a71fe3c96c6b0c483";"STATEMENT_INSERT";NA;"METHOD_INVOCATION";"false";"clojure.lang.Compiler.InstanceMethodExpr.InstanceMethodExpr(int,Expr,String,IPersistentVector)"
"7ceb044e9ee962c4fd5f86a9152a4ed703ef5c80";"STATEMENT_DELETE";NA;"BREAK_STATEMENT";"false";"clojure.lang.Reflector.invokeMatchingMethod(String,List,Object,Object[])"
"7ceb044e9ee962c4fd5f86a9152a4ed703ef5c80";"STATEMENT_DELETE";NA;"IF_STATEMENT";"false";"clojure.lang.Reflector.invokeMatchingMethod(String,List,Object,Object[])"
"7ceb044e9ee962c4fd5f86a9152a4ed703ef5c80";"STATEMENT_DELETE";NA;"FOREACH_STATEMENT";"false";"clojure.lang.Reflector.invokeMatchingMethod(String,List,Object,Object[])"
"7ceb044e9ee962c4fd5f86a9152a4ed703ef5c80";"STATEMENT_DELETE";NA;"ASSIGNMENT";"false";"clojure.lang.Reflector.invokeMatchingMethod(String,List,Object,Object[])"
"7ceb044e9ee962c4fd5f86a9152a4ed703ef5c80";"STATEMENT_INSERT";NA;"THROW_STATEMENT";"false";"clojure.lang.Reflector.invokeMatchingMethod(String,List,Object,Object[])"
"7ceb044e9ee962c4fd5f86a9152a4ed703ef5c80";"STATEMENT_DELETE";NA;"FOREACH_STATEMENT";"false";"clojure.lang.Reflector.invokeMatchingMethod(String,List,Object,Object[])"
"7ceb044e9ee962c4fd5f86a9152a4ed703ef5c80";"PARAMETER_INSERT";NA;"PARAMETER";"false";"clojure.lang.Reflector.invokeMatchingMethod(String,List,Object,Object[])"
"7ceb044e9ee962c4fd5f86a9152a4ed703ef5c80";"STATEMENT_DELETE";NA;"IF_STATEMENT";"false";"clojure.lang.Reflector.invokeMatchingMethod(String,List,Object,Object[])"
"7ceb044e9ee962c4fd5f86a9152a4ed703ef5c80";"ADDITIONAL_FUNCTIONALITY";NA;"METHOD";"false";"clojure.lang.Reflector"
"7ceb044e9ee962c4fd5f86a9152a4ed703ef5c80";"STATEMENT_DELETE";NA;"FOR_STATEMENT";"false";"clojure.lang.Reflector.invokeMatchingMethod(String,List,Object,Object[])"
"7ceb044e9ee962c4fd5f86a9152a4ed703ef5c80";"STATEMENT_PARENT_CHANGE";NA;"IF_STATEMENT";"false";"clojure.lang.Reflector.invokeMatchingMethod(String,List,Object,Object[])"
"7ceb044e9ee962c4fd5f86a9152a4ed703ef5c80";"STATEMENT_DELETE";NA;"LABELED_STATEMENT";"false";"clojure.lang.Reflector.invokeMatchingMethod(String,List,Object,Object[])"
"7ceb044e9ee962c4fd5f86a9152a4ed703ef5c80";"STATEMENT_DELETE";NA;"IF_STATEMENT";"false";"clojure.lang.Reflector.invokeMatchingMethod(String,List,Object,Object[])"
"7ceb044e9ee962c4fd5f86a9152a4ed703ef5c80";"STATEMENT_DELETE";NA;"IF_STATEMENT";"false";"clojure.lang.Reflector.invokeMatchingMethod(String,List,Object,Object[])"
"7ceb044e9ee962c4fd5f86a9152a4ed703ef5c80";"STATEMENT_DELETE";NA;"FOREACH_STATEMENT";"false";"clojure.lang.Reflector.invokeMatchingMethod(String,List,Object,Object[])"
"7ceb044e9ee962c4fd5f86a9152a4ed703ef5c80";"STATEMENT_DELETE";NA;"ASSIGNMENT";"false";"clojure.lang.Reflector.invokeMatchingMethod(String,List,Object,Object[])"
"7ceb044e9ee962c4fd5f86a9152a4ed703ef5c80";"STATEMENT_UPDATE";NA;"THROW_STATEMENT";"false";"clojure.lang.Reflector.invokeMatchingMethod(String,List,Object,Object[])"
"7ceb044e9ee962c4fd5f86a9152a4ed703ef5c80";"STATEMENT_DELETE";NA;"BREAK_STATEMENT";"false";"clojure.lang.Reflector.invokeMatchingMethod(String,List,Object,Object[])"
"7ceb044e9ee962c4fd5f86a9152a4ed703ef5c80";"STATEMENT_DELETE";NA;"VARIABLE_DECLARATION_STATEMENT";"false";"clojure.lang.Reflector.invokeMatchingMethod(String,List,Object,Object[])"
"7ceb044e9ee962c4fd5f86a9152a4ed703ef5c80";"STATEMENT_DELETE";NA;"ASSIGNMENT";"false";"clojure.lang.Reflector.invokeMatchingMethod(String,List,Object,Object[])"
"7ceb044e9ee962c4fd5f86a9152a4ed703ef5c80";"STATEMENT_UPDATE";NA;"THROW_STATEMENT";"false";"clojure.lang.Reflector.invokeMatchingMethod(String,List,Object,Object[])"
"7ceb044e9ee962c4fd5f86a9152a4ed703ef5c80";"STATEMENT_INSERT";NA;"ASSIGNMENT";"false";"clojure.lang.Reflector.invokeMatchingMethod(String,List,Object,Object[])"
"7ceb044e9ee962c4fd5f86a9152a4ed703ef5c80";"STATEMENT_DELETE";NA;"VARIABLE_DECLARATION_STATEMENT";"false";"clojure.lang.Reflector.invokeMatchingMethod(String,List,Object,Object[])"
"7ceb044e9ee962c4fd5f86a9152a4ed703ef5c80";"STATEMENT_INSERT";NA;"IF_STATEMENT";"false";"clojure.lang.Reflector.invokeMatchingMethod(String,List,Object,Object[])"
"b876bc01060191c4fecef062bdddd190c79fd83f";"REMOVED_FUNCTIONALITY";NA;"METHOD";"false";"clojure.lang.PersistentVector"
"b876bc01060191c4fecef062bdddd190c79fd83f";"REMOVED_CLASS";NA;"CLASS";"false";"clojure.lang.PersistentVector"
"b876bc01060191c4fecef062bdddd190c79fd83f";"REMOVED_FUNCTIONALITY";NA;"METHOD";"false";"clojure.lang.PersistentVector"
"b876bc01060191c4fecef062bdddd190c79fd83f";"REMOVED_FUNCTIONALITY";NA;"METHOD";"false";"clojure.lang.PersistentVector"
"b876bc01060191c4fecef062bdddd190c79fd83f";"REMOVED_FUNCTIONALITY";NA;"METHOD";"false";"clojure.lang.PersistentVector"
"b876bc01060191c4fecef062bdddd190c79fd83f";"REMOVED_FUNCTIONALITY";NA;"METHOD";"false";"clojure.lang.PersistentVector"
"b876bc01060191c4fecef062bdddd190c79fd83f";"REMOVED_FUNCTIONALITY";NA;"METHOD";"false";"clojure.lang.PersistentVector"
"b876bc01060191c4fecef062bdddd190c79fd83f";"REMOVED_FUNCTIONALITY";NA;"METHOD";"false";"clojure.lang.PersistentVector"
"b876bc01060191c4fecef062bdddd190c79fd83f";"STATEMENT_UPDATE";NA;"CONSTRUCTOR_INVOCATION";"false";"clojure.lang.PersistentVector.PersistentVector(int,int,Object[])"
"b876bc01060191c4fecef062bdddd190c79fd83f";"REMOVED_FUNCTIONALITY";NA;"METHOD";"false";"clojure.lang.PersistentVector"
"b876bc01060191c4fecef062bdddd190c79fd83f";"ADDITIONAL_FUNCTIONALITY";NA;"METHOD";"false";"clojure.lang.RT"
"b876bc01060191c4fecef062bdddd190c79fd83f";"REMOVED_FUNCTIONALITY";NA;"METHOD";"false";"clojure.lang.PersistentVector"
"b876bc01060191c4fecef062bdddd190c79fd83f";"REMOVED_FUNCTIONALITY";NA;"METHOD";"false";"clojure.lang.PersistentVector"
"b876bc01060191c4fecef062bdddd190c79fd83f";"REMOVED_FUNCTIONALITY";NA;"METHOD";"false";"clojure.lang.PersistentVector"
"b876bc01060191c4fecef062bdddd190c79fd83f";"REMOVED_FUNCTIONALITY";NA;"METHOD";"false";"clojure.lang.PersistentVector"
"b876bc01060191c4fecef062bdddd190c79fd83f";"ADDITIONAL_FUNCTIONALITY";NA;"METHOD";"false";"clojure.lang.IPersistentVector"
"b876bc01060191c4fecef062bdddd190c79fd83f";"REMOVED_FUNCTIONALITY";NA;"METHOD";"false";"clojure.lang.PersistentVector"
"b876bc01060191c4fecef062bdddd190c79fd83f";"PARENT_INTERFACE_DELETE";NA;"SINGLE_TYPE";"false";"clojure.lang.PersistentVector"
"b876bc01060191c4fecef062bdddd190c79fd83f";"REMOVED_FUNCTIONALITY";NA;"METHOD";"false";"clojure.lang.PersistentVector"
"b876bc01060191c4fecef062bdddd190c79fd83f";"REMOVED_FUNCTIONALITY";NA;"METHOD";"false";"clojure.lang.PersistentVector"
"b876bc01060191c4fecef062bdddd190c79fd83f";"REMOVED_FUNCTIONALITY";NA;"METHOD";"false";"clojure.lang.PersistentVector"
"b876bc01060191c4fecef062bdddd190c79fd83f";"REMOVED_FUNCTIONALITY";NA;"METHOD";"false";"clojure.lang.PersistentVector"
"b876bc01060191c4fecef062bdddd190c79fd83f";"REMOVED_FUNCTIONALITY";NA;"METHOD";"false";"clojure.lang.PersistentVector"
"b876bc01060191c4fecef062bdddd190c79fd83f";"REMOVED_FUNCTIONALITY";NA;"METHOD";"false";"clojure.lang.PersistentVector"
"b876bc01060191c4fecef062bdddd190c79fd83f";"REMOVED_FUNCTIONALITY";NA;"METHOD";"false";"clojure.lang.PersistentVector"
"b876bc01060191c4fecef062bdddd190c79fd83f";"PARENT_CLASS_CHANGE";NA;"SINGLE_TYPE";"false";"clojure.lang.PersistentVector"
"b876bc01060191c4fecef062bdddd190c79fd83f";"REMOVED_FUNCTIONALITY";NA;"METHOD";"false";"clojure.lang.PersistentVector"
"b876bc01060191c4fecef062bdddd190c79fd83f";"REMOVED_FUNCTIONALITY";NA;"METHOD";"false";"clojure.lang.PersistentVector"
"b876bc01060191c4fecef062bdddd190c79fd83f";"REMOVED_FUNCTIONALITY";NA;"METHOD";"false";"clojure.lang.PersistentVector"
"b876bc01060191c4fecef062bdddd190c79fd83f";"PARENT_CLASS_DELETE";NA;"SINGLE_TYPE";"false";"clojure.lang.PersistentVector"
"b876bc01060191c4fecef062bdddd190c79fd83f";"PARENT_INTERFACE_DELETE";NA;"SINGLE_TYPE";"false";"clojure.lang.PersistentVector"
"b876bc01060191c4fecef062bdddd190c79fd83f";"REMOVED_FUNCTIONALITY";NA;"METHOD";"false";"clojure.lang.PersistentVector"
"b876bc01060191c4fecef062bdddd190c79fd83f";"REMOVED_FUNCTIONALITY";NA;"METHOD";"false";"clojure.lang.PersistentVector"
"b876bc01060191c4fecef062bdddd190c79fd83f";"REMOVED_OBJECT_STATE";NA;"FIELD";"false";"clojure.lang.PersistentVector"
